split,head_text,head_type,tail_text,tail_type,gold_label,sentence
train,Oilfield services,Product,Halliburton,Company,Unspecified,Oilfield services provider Halliburton and smaller rival Baker Hughes terminated their $28 billion merger deal after opposition from U.S. and European antitrust regulators.
train,Log9,Company,cell line,Product,Development,"If the Chinese engineers don't arrive on time, then our cell line production will get impacted, Log9's co-founder and director, Pankaj Sharma, told Reuters. We don't know by how much, but it can practically destabilise the production."
train,BYD,Company,electric cars,Product,Development,"BYD and its partner, privately held Megha Engineering and Infrastructures submitted a proposal to the Indian government in April to jointly build electric cars in India, Reuters reported earlier this month."
train,Megha Engineering and Infrastructures,Company,electric cars,Product,Development,"BYD and its partner, privately held Megha Engineering and Infrastructures submitted a proposal to the Indian government in April to jointly build electric cars in India, Reuters reported earlier this month."
train,metallurgical coal,Product,BHP,Company,Unspecified,"Around 40% of BHP's metallurgical coal, used by steel mills and known as coking coal, is now heading to India, she said."
train,Aether Industries,Company,converge polyols,Product,Development,"We are pleased to have been chosen to commercialise the converge polyols after working collaboratively for several years on the development of the manufacturing technology for the converge platform, Aether Industries promoter and director Aman Desai said in a statement."
train,Fluocinolone Acetonide Topical Oil,Product,Novel Laboratories Inc,Company,Unspecified,"New Jersey-based Novel Laboratories Inc has received the approval from the US Food and Drug Administration (USFDA) for Fluocinolone Acetonide Topical Oil, Lupin said in a statement."
train,Atraco,Company,garments,Product,Development,"Headquartered in Dubai, apparel manufacturer Atraco operates with a network of four manufacturing units in Kenya and one in Ethiopia producing about 40 million garments annually, GEL said in a statement."
train,interactive display systems and solutions,Product,VIA optronics AG ( NYSE: VIAO ),Company,SaleOrMarketing,"NUREMBERG, Germany, May 16, 2023 -- VIA optronics AG (NYSE: VIAO) (VIA or the Company), a leading supplier of interactive display systems and solutions, today announced Udo Zimmer as new member of Supervisory Board and Chairman of the Audit Committee."
train,"Corbus Pharmaceuticals Holdings , Inc. ( NASDAQ: CRBP )",Company,CRB-701 Nectin-4 anti-drug-conjugate ( ADC ),Product,Development,"Corbus Pharmaceuticals Holdings, Inc. (NASDAQ: CRBP) (Corbus or the Company), a precision oncology company, today announced the pre-clinical data on its CRB-701 Nectin-4 anti-drug-conjugate (ADC) will be presented at the 2023 AACR-NCI-EORTC International Conference on Molecular Targets and Cancer Therapeutics, to be held in Boston, MA October 11-15, 2023."
train,enterprise performance management,Product,"NETSCOUT SYSTEMS , INC. ( NASDAQ: NTCT )",Company,SaleOrMarketing,"WESTFORD, Mass., July 27, 2023 -- NETSCOUT SYSTEMS, INC. (NASDAQ: NTCT), a leading provider of enterprise performance management, carrier service assurance, cybersecurity, and DDoS protection, today announced financial results for its first quarter ended June 30, 2023."
train,carrier service assurance,Product,"NETSCOUT SYSTEMS , INC. ( NASDAQ: NTCT )",Company,SaleOrMarketing,"WESTFORD, Mass., July 27, 2023 -- NETSCOUT SYSTEMS, INC. (NASDAQ: NTCT), a leading provider of enterprise performance management, carrier service assurance, cybersecurity, and DDoS protection, today announced financial results for its first quarter ended June 30, 2023."
train,cybersecurity,Product,"NETSCOUT SYSTEMS , INC. ( NASDAQ: NTCT )",Company,SaleOrMarketing,"WESTFORD, Mass., July 27, 2023 -- NETSCOUT SYSTEMS, INC. (NASDAQ: NTCT), a leading provider of enterprise performance management, carrier service assurance, cybersecurity, and DDoS protection, today announced financial results for its first quarter ended June 30, 2023."
train,DDoS protection,Product,"NETSCOUT SYSTEMS , INC. ( NASDAQ: NTCT )",Company,SaleOrMarketing,"WESTFORD, Mass., July 27, 2023 -- NETSCOUT SYSTEMS, INC. (NASDAQ: NTCT), a leading provider of enterprise performance management, carrier service assurance, cybersecurity, and DDoS protection, today announced financial results for its first quarter ended June 30, 2023."
train,anti-cancer drug candidate,Product,"CNS Pharmaceuticals , Inc. ( NASDAQ:CNSP )",Company,Unspecified,"CNS Pharmaceuticals, Inc. (NASDAQ:CNSP) (CNS or the Company), a biopharmaceutical company specializing in the development of novel treatments for primary and metastatic cancers in the brain and central nervous system, today reported its financial results for the full year ended December 31, 2022 and provided a clinical update of its anti-cancer drug candidate currently in development for the treatment of primary and metastatic brain and CNS cancer."
train,combination vaccine,Product,Moderna,Company,Unspecified,Moderna on Wednesday said its combination vaccine to protect against both COVID-19 and influenza generated a strong immune response compared to individual shots for the viruses in an early-stage study.
train,bioprocess walk-up solutions,Product,Waters ( WAT ),Company,Unspecified,"Waters (WAT) launches new bioprocess walk-up solutions, automating sample prep and analysis from any bioreactor."
train,specialized and sustainable material solutions,Product,Avient Corporation ( NYSE: AVNT ),Company,SaleOrMarketing,"Avient Corporation (NYSE: AVNT), a leading provider of specialized and sustainable material solutions, has announced registration details for a virtual Sustainability Day for investment professionals on Wednesday, September 20, 2023, from 9 a.m. 11 a.m. ET."
train,"maintenance , repair and overhaul services",Product,SIAEP,Company,Unspecified,"Embraer (ERJ) signs MoU with SIAEP that will explore further partnerships to include maintenance, repair and overhaul services for the former's E-Jets E2 family of aircraft."
train,E-Jets E2 family of aircraft,Product,Embraer ( ERJ ),Company,Unspecified,"Embraer (ERJ) signs MoU with SIAEP that will explore further partnerships to include maintenance, repair and overhaul services for the former's E-Jets E2 family of aircraft."
train,Oil States International ( OIS ),Company,advanced connection systems for deepwater offshore applications,Product,Development,Oil States International (OIS) is known for its vast experience in designing and manufacturing advanced connection systems for deepwater offshore applications.
train,spaceflights,Product,Virgin Galactic,Company,Unspecified,"Richard Branson said he's booked spaceflights with Virgin Galactic for his 80th, 90th, 100th and 110th birthdays."
train,Vana Tallinn,Product,Tallink,Company,Unspecified,"Tallink claims the watertight doors of both Vana Tallinn and Regina Baltica, including their electrical systems, are fully in working order."
train,Regina Baltica,Product,Tallink,Company,Unspecified,"Tallink claims the watertight doors of both Vana Tallinn and Regina Baltica, including their electrical systems, are fully in working order."
train,embeddable Linux,Product,Metrowerks,Company,Unspecified,"Our embedded systems compete in a highly fragmented environment in which key competitors include IBM, Intel, and versions of embeddable Linux from commercial Linux vendors such as Metrowerks and MontaVista Software."
train,embeddable Linux,Product,MontaVista Software,Company,Unspecified,"Our embedded systems compete in a highly fragmented environment in which key competitors include IBM, Intel, and versions of embeddable Linux from commercial Linux vendors such as Metrowerks and MontaVista Software."
train,Adobe,Company,LiveMotiona software tool,Product,Development,Adobe LiveMotiona software tool that allows professional designers to create two - dimensional Web animations; it provides designers with a rich set of content creation tools for creating both vector and raster graphics in one application for increased productivity.
train,cars,Product,BMW India,Company,SaleOrMarketing,"BMW India sells 8,876 cars in 2021; posts highest growth in a decade"
train,LG,Company,V20,Product,Development,"On 7 September 2016, LG unveiled the V20, and the V30 was announced on 31 August 2017. LG G6 was officially announced during MWC 2017 on 26 February 2017. The G7 ThinQ model was announced at a 2 May 2018 media briefing."
train,LG,Company,V30,Product,Development,"On 7 September 2016, LG unveiled the V20, and the V30 was announced on 31 August 2017. LG G6 was officially announced during MWC 2017 on 26 February 2017. The G7 ThinQ model was announced at a 2 May 2018 media briefing."
train,LG,Company,G6,Product,Development,"On 7 September 2016, LG unveiled the V20, and the V30 was announced on 31 August 2017. LG G6 was officially announced during MWC 2017 on 26 February 2017. The G7 ThinQ model was announced at a 2 May 2018 media briefing."
train,LG,Company,G7 ThinQ model,Product,Development,"On 7 September 2016, LG unveiled the V20, and the V30 was announced on 31 August 2017. LG G6 was officially announced during MWC 2017 on 26 February 2017. The G7 ThinQ model was announced at a 2 May 2018 media briefing."
train,Lockheed,Company,Trident missile,Product,Development,"Lockheed products included the Trident missile, P-3 Orion maritime patrol aircraft, U-2 and SR-71 reconnaissance airplanes, F-117 Nighthawk, F-16 Fighting Falcon, F-22 Raptor, C-130 Hercules, A-4AR Fightinghawk and the DSCS-3 satellite. Martin Marietta products included Titan rockets, Sandia National Laboratories (management contract acquired in 1993), Space Shuttle External Tank, Viking 1 and Viking 2 landers, the Transfer Orbit Stage (under subcontract to Orbital Sciences Corporation) and various satellite models."
train,Lockheed,Company,P-3 Orion maritime patrol aircraft,Product,Development,"Lockheed products included the Trident missile, P-3 Orion maritime patrol aircraft, U-2 and SR-71 reconnaissance airplanes, F-117 Nighthawk, F-16 Fighting Falcon, F-22 Raptor, C-130 Hercules, A-4AR Fightinghawk and the DSCS-3 satellite. Martin Marietta products included Titan rockets, Sandia National Laboratories (management contract acquired in 1993), Space Shuttle External Tank, Viking 1 and Viking 2 landers, the Transfer Orbit Stage (under subcontract to Orbital Sciences Corporation) and various satellite models."
train,Lockheed,Company,U-2 and SR-71 reconnaissance airplanes,Product,Development,"Lockheed products included the Trident missile, P-3 Orion maritime patrol aircraft, U-2 and SR-71 reconnaissance airplanes, F-117 Nighthawk, F-16 Fighting Falcon, F-22 Raptor, C-130 Hercules, A-4AR Fightinghawk and the DSCS-3 satellite. Martin Marietta products included Titan rockets, Sandia National Laboratories (management contract acquired in 1993), Space Shuttle External Tank, Viking 1 and Viking 2 landers, the Transfer Orbit Stage (under subcontract to Orbital Sciences Corporation) and various satellite models."
train,Lockheed,Company,F-117 Nighthawk,Product,Development,"Lockheed products included the Trident missile, P-3 Orion maritime patrol aircraft, U-2 and SR-71 reconnaissance airplanes, F-117 Nighthawk, F-16 Fighting Falcon, F-22 Raptor, C-130 Hercules, A-4AR Fightinghawk and the DSCS-3 satellite. Martin Marietta products included Titan rockets, Sandia National Laboratories (management contract acquired in 1993), Space Shuttle External Tank, Viking 1 and Viking 2 landers, the Transfer Orbit Stage (under subcontract to Orbital Sciences Corporation) and various satellite models."
train,Lockheed,Company,F-16 Fighting Falcon,Product,Development,"Lockheed products included the Trident missile, P-3 Orion maritime patrol aircraft, U-2 and SR-71 reconnaissance airplanes, F-117 Nighthawk, F-16 Fighting Falcon, F-22 Raptor, C-130 Hercules, A-4AR Fightinghawk and the DSCS-3 satellite. Martin Marietta products included Titan rockets, Sandia National Laboratories (management contract acquired in 1993), Space Shuttle External Tank, Viking 1 and Viking 2 landers, the Transfer Orbit Stage (under subcontract to Orbital Sciences Corporation) and various satellite models."
train,Lockheed,Company,F-22 Raptor,Product,Development,"Lockheed products included the Trident missile, P-3 Orion maritime patrol aircraft, U-2 and SR-71 reconnaissance airplanes, F-117 Nighthawk, F-16 Fighting Falcon, F-22 Raptor, C-130 Hercules, A-4AR Fightinghawk and the DSCS-3 satellite. Martin Marietta products included Titan rockets, Sandia National Laboratories (management contract acquired in 1993), Space Shuttle External Tank, Viking 1 and Viking 2 landers, the Transfer Orbit Stage (under subcontract to Orbital Sciences Corporation) and various satellite models."
train,Lockheed,Company,C-130 Hercules,Product,Development,"Lockheed products included the Trident missile, P-3 Orion maritime patrol aircraft, U-2 and SR-71 reconnaissance airplanes, F-117 Nighthawk, F-16 Fighting Falcon, F-22 Raptor, C-130 Hercules, A-4AR Fightinghawk and the DSCS-3 satellite. Martin Marietta products included Titan rockets, Sandia National Laboratories (management contract acquired in 1993), Space Shuttle External Tank, Viking 1 and Viking 2 landers, the Transfer Orbit Stage (under subcontract to Orbital Sciences Corporation) and various satellite models."
train,Lockheed,Company,A-4AR Fightinghawk,Product,Development,"Lockheed products included the Trident missile, P-3 Orion maritime patrol aircraft, U-2 and SR-71 reconnaissance airplanes, F-117 Nighthawk, F-16 Fighting Falcon, F-22 Raptor, C-130 Hercules, A-4AR Fightinghawk and the DSCS-3 satellite. Martin Marietta products included Titan rockets, Sandia National Laboratories (management contract acquired in 1993), Space Shuttle External Tank, Viking 1 and Viking 2 landers, the Transfer Orbit Stage (under subcontract to Orbital Sciences Corporation) and various satellite models."
train,Lockheed,Company,DSCS-3 satellite,Product,Development,"Lockheed products included the Trident missile, P-3 Orion maritime patrol aircraft, U-2 and SR-71 reconnaissance airplanes, F-117 Nighthawk, F-16 Fighting Falcon, F-22 Raptor, C-130 Hercules, A-4AR Fightinghawk and the DSCS-3 satellite. Martin Marietta products included Titan rockets, Sandia National Laboratories (management contract acquired in 1993), Space Shuttle External Tank, Viking 1 and Viking 2 landers, the Transfer Orbit Stage (under subcontract to Orbital Sciences Corporation) and various satellite models."
train,Martin Marietta,Company,Titan rockets,Product,Development,"Lockheed products included the Trident missile, P-3 Orion maritime patrol aircraft, U-2 and SR-71 reconnaissance airplanes, F-117 Nighthawk, F-16 Fighting Falcon, F-22 Raptor, C-130 Hercules, A-4AR Fightinghawk and the DSCS-3 satellite. Martin Marietta products included Titan rockets, Sandia National Laboratories (management contract acquired in 1993), Space Shuttle External Tank, Viking 1 and Viking 2 landers, the Transfer Orbit Stage (under subcontract to Orbital Sciences Corporation) and various satellite models."
train,Martin Marietta,Company,Sandia National Laboratories,Product,Development,"Lockheed products included the Trident missile, P-3 Orion maritime patrol aircraft, U-2 and SR-71 reconnaissance airplanes, F-117 Nighthawk, F-16 Fighting Falcon, F-22 Raptor, C-130 Hercules, A-4AR Fightinghawk and the DSCS-3 satellite. Martin Marietta products included Titan rockets, Sandia National Laboratories (management contract acquired in 1993), Space Shuttle External Tank, Viking 1 and Viking 2 landers, the Transfer Orbit Stage (under subcontract to Orbital Sciences Corporation) and various satellite models."
train,Martin Marietta,Company,Space Shuttle External Tank,Product,Development,"Lockheed products included the Trident missile, P-3 Orion maritime patrol aircraft, U-2 and SR-71 reconnaissance airplanes, F-117 Nighthawk, F-16 Fighting Falcon, F-22 Raptor, C-130 Hercules, A-4AR Fightinghawk and the DSCS-3 satellite. Martin Marietta products included Titan rockets, Sandia National Laboratories (management contract acquired in 1993), Space Shuttle External Tank, Viking 1 and Viking 2 landers, the Transfer Orbit Stage (under subcontract to Orbital Sciences Corporation) and various satellite models."
train,Martin Marietta,Company,Viking 1 and Viking 2 landers,Product,Development,"Lockheed products included the Trident missile, P-3 Orion maritime patrol aircraft, U-2 and SR-71 reconnaissance airplanes, F-117 Nighthawk, F-16 Fighting Falcon, F-22 Raptor, C-130 Hercules, A-4AR Fightinghawk and the DSCS-3 satellite. Martin Marietta products included Titan rockets, Sandia National Laboratories (management contract acquired in 1993), Space Shuttle External Tank, Viking 1 and Viking 2 landers, the Transfer Orbit Stage (under subcontract to Orbital Sciences Corporation) and various satellite models."
train,Martin Marietta,Company,Transfer Orbit Stage,Product,Development,"Lockheed products included the Trident missile, P-3 Orion maritime patrol aircraft, U-2 and SR-71 reconnaissance airplanes, F-117 Nighthawk, F-16 Fighting Falcon, F-22 Raptor, C-130 Hercules, A-4AR Fightinghawk and the DSCS-3 satellite. Martin Marietta products included Titan rockets, Sandia National Laboratories (management contract acquired in 1993), Space Shuttle External Tank, Viking 1 and Viking 2 landers, the Transfer Orbit Stage (under subcontract to Orbital Sciences Corporation) and various satellite models."
train,Martin Marietta,Company,various satellite models,Product,Development,"Lockheed products included the Trident missile, P-3 Orion maritime patrol aircraft, U-2 and SR-71 reconnaissance airplanes, F-117 Nighthawk, F-16 Fighting Falcon, F-22 Raptor, C-130 Hercules, A-4AR Fightinghawk and the DSCS-3 satellite. Martin Marietta products included Titan rockets, Sandia National Laboratories (management contract acquired in 1993), Space Shuttle External Tank, Viking 1 and Viking 2 landers, the Transfer Orbit Stage (under subcontract to Orbital Sciences Corporation) and various satellite models."
train,767 Freighters,Product,Boeing,Company,SaleOrMarketing,UPS to purchase 19 Boeing 767 Freighters as e - commerce expands
train,Polaris Inc.,Company,motorcycles,Product,Development,"Polaris Inc. is an American manufacturer of motorcycles, snowmobiles, all - terrain vehicles, and neighborhood electric vehicles."
train,Polaris Inc.,Company,snowmobiles,Product,Development,"Polaris Inc. is an American manufacturer of motorcycles, snowmobiles, all - terrain vehicles, and neighborhood electric vehicles."
train,Polaris Inc.,Company,all - terrain vehicles,Product,Development,"Polaris Inc. is an American manufacturer of motorcycles, snowmobiles, all - terrain vehicles, and neighborhood electric vehicles."
train,Polaris Inc.,Company,neighborhood electric vehicles,Product,Development,"Polaris Inc. is an American manufacturer of motorcycles, snowmobiles, all - terrain vehicles, and neighborhood electric vehicles."
train,iPhone,Product,Apple,Company,Unspecified,"The iPhone's magical revolution started on Jan. 9, 2007, and helped Apple grow into a $ 3 trillion company over the next 15 years."
train,motorbikes,Product,Yamaha,Company,SaleOrMarketing,"Similarly, the sale of Yamaha motorbikes also went up from 10,524 units to 12,193 units witnessing increase of 15%."
train,PhotoDeluxe --- software,Product,Adobe,Company,Unspecified,Adobe PhotoDeluxe --- software that allows consumers and small businesses to easily enhance and personalize their photos for a wide variety of applications in print and electronic media.
train,local commercial real estate information,Product,"First CLS , Inc. ( doing business as the Dorey Companies and DoreyPRO )",Company,SaleOrMarketing,"In April 2008, we acquired the assets of First CLS, Inc. (doing business as the Dorey Companies and DoreyPRO), an Atlanta - based provider of local commercial real estate information."
train,high - efficiency and high - density power supply products,Product,"Power - One , Inc.",Company,SaleOrMarketing,"Power - One, Inc. is a leading provider of high - efficiency and high - density power supply products for a variety of industries, including renewable energy, servers, storage networking, industrials and network power systems."
train,off - road vehicles,Product,Polaris Industries Inc. ( NYSE : PII ),Company,SaleOrMarketing,"Polaris Industries Inc. (NYSE: PII), a provider of off - road vehicles, snowmobiles, motorcycles and on - road electric / hybrid powered vehicles, and Donaldson Company, Inc."
train,snowmobiles,Product,Polaris Industries Inc. ( NYSE : PII ),Company,SaleOrMarketing,"Polaris Industries Inc. (NYSE: PII), a provider of off - road vehicles, snowmobiles, motorcycles and on - road electric / hybrid powered vehicles, and Donaldson Company, Inc."
train,motorcycles,Product,Polaris Industries Inc. ( NYSE : PII ),Company,SaleOrMarketing,"Polaris Industries Inc. (NYSE: PII), a provider of off - road vehicles, snowmobiles, motorcycles and on - road electric / hybrid powered vehicles, and Donaldson Company, Inc."
train,on - road electric / hybrid powered vehicles,Product,Polaris Industries Inc. ( NYSE : PII ),Company,SaleOrMarketing,"Polaris Industries Inc. (NYSE: PII), a provider of off - road vehicles, snowmobiles, motorcycles and on - road electric / hybrid powered vehicles, and Donaldson Company, Inc."
train,SaaS operations services,Product,CallidusCloud,Company,SaleOrMarketing,"CallidusCloud customers rely on our SaaS operations services to provide the infrastructure, infrastructure operations, and software application operations layers required for the on - going support of sales effectiveness and sales performance management."
train,Sunpower,Company,cryocoolers,Product,Development,Sunpower designs and develops high reliability cryocoolers and externally heated Stirling cycle engines.
train,Sunpower,Company,externally heated Stirling cycle engines,Product,Development,Sunpower designs and develops high reliability cryocoolers and externally heated Stirling cycle engines.
train,advisory services,Product,LEC Minerals Inc,Company,Unspecified,"Mr. Crumb is a co - founder of LEC Minerals Inc, a private investment corporation that also provides advisory services for mining / exploration companies."
train,wireless operations,Product,United States Cellular Corporation ( U.S. Cellular ),Company,Unspecified,"Business Telephone and Data Systems, Inc. (TDS) is a diversified telecommunications service company with wireless operations provided by TDS 84%-owned subsidiary, United States Cellular Corporation (U.S. Cellular) and both wireline operations and hosted and managed services provided by TDS wholly - owned subsidiary, TDS Telecommunications Corporation (TDS Telecom)."
train,wireline operations,Product,TDS Telecommunications Corporation ( TDS Telecom ),Company,Unspecified,"Business Telephone and Data Systems, Inc. (TDS) is a diversified telecommunications service company with wireless operations provided by TDS 84%-owned subsidiary, United States Cellular Corporation (U.S. Cellular) and both wireline operations and hosted and managed services provided by TDS wholly - owned subsidiary, TDS Telecommunications Corporation (TDS Telecom)."
train,hosted and managed services,Product,TDS Telecommunications Corporation ( TDS Telecom ),Company,Unspecified,"Business Telephone and Data Systems, Inc. (TDS) is a diversified telecommunications service company with wireless operations provided by TDS 84%-owned subsidiary, United States Cellular Corporation (U.S. Cellular) and both wireline operations and hosted and managed services provided by TDS wholly - owned subsidiary, TDS Telecommunications Corporation (TDS Telecom)."
train,wireless communication services,Product,Nextel TM brand,Company,Unspecified,"We provide wireless communication services under the Nextel TM brand, primarily targeted at meeting the needs of subscribers who use our services to improve the productivity of their businesses and subscribers who make the individual decision to use our service for both professional and personal needs."
train,industrial material,Product,"PIGOBA , S.A. de C.V.",Company,SaleOrMarketing,"Also, the Company purchased industrial material from PIGOBA, S.A. de C.V., a company in which Mr. Alejandro Gonzalez has a proprietary interest."
train,Solesta,Product,"Oceana Therapeutics , Inc.",Company,SaleOrMarketing,"Solesta In December 2011, we acquired an exclusive worldwide license to Solesta with the completion of our acquisition of Oceana Therapeutics, Inc."
train,retail electric service,Product,OG E,Company,Unspecified,OG E furnishes retail electric service in 268 communities and their contiguous rural and suburban areas.
train,carboxymethyl - cellulose based packing and tamponade products,Product,ATI,Company,Unspecified,"ATI's carboxymethyl - cellulose based packing and tamponade products are used in situations of significant nosebleed, or epistaxis, treatments which are treated in an emergency room setting or surgicenter."
train,wholesale services,Product,Sprint,Company,Unspecified,Sprint provides wholesale services under long - term contracts to cable television operators which enable these operators to provide consumer and business digital telephone services.
train,platelet and plasma disposable kits,Product,EFS,Company,Unspecified,"In 2011, we entered into a two - year contract with the EFS to supply platelet and plasma disposable kits."
train,diagnostic products,Product,Focus Diagnostics,Company,SaleOrMarketing,"Focus Diagnostics sells its diagnostic products to large academic medical centers, hospitals and commercial laboratories globally."
train,Rig Technology,Company,rotary tables,Product,Development,Rig Technology produces rotary tables as well as kelly bushings and master bushings for most sizes of kellys and makes of rotary tables.
train,Rig Technology,Company,kelly bushings,Product,Development,Rig Technology produces rotary tables as well as kelly bushings and master bushings for most sizes of kellys and makes of rotary tables.
train,Rig Technology,Company,master bushings,Product,Development,Rig Technology produces rotary tables as well as kelly bushings and master bushings for most sizes of kellys and makes of rotary tables.
train,flash memory wafers,Product,Flash Ventures,Company,SaleOrMarketing,"Because we purchase the vast majority of our flash memory wafers from Flash Ventures, our flash memory costs, which represent the largest portion of our cost of product revenues, are based upon wafer purchases denominated in Japanese yen."
train,smart device control solutions,Product,UEI,Company,SaleOrMarketing,"In its smart device control solutions, UEI offers all of the elements needed for device control from the micro IR blaster chip to the IR database to the user interface for the touchscreen."
train,broadband services,Product,dishNET brand,Company,SaleOrMarketing,"In addition, we market broadband services under the dishNET brand."
train,site infusion pharmacy services,Product,InfuScience,Company,Unspecified,InfuScience operates businesses providing alternate site infusion pharmacy services.
train,Telesat,Company,Anik G1,Product,Development,Telesat has entered into contracts for the construction and launch of Anik G1 (targeted for launch in 2013).
train,HemoCue,Company,point - of - care testing products,Product,Development,"HemoCue innovates, manufactures and distributes point - of - care testing products globally."
train,security and fire safety products and services,Product,"UTC Climate , Controls Security",Company,SaleOrMarketing,"UTC Climate, Controls Security is also a global provider of security and fire safety products and services."
train,taxation and professional services,Product,Royall Fleschler,Company,Unspecified,"Mr. Royall has been a partner in Royall Fleschler since 1987, a private accounting firm focused on taxation and professional services to emerging companies."
train,communications solutions and services,Product,"IPC Information Systems , LLC",Company,SaleOrMarketing,"Prior to joining Polycom, Mr. Miller served as global president of IPC Information Systems, LLC, a provider of communications solutions and services, from December 2007 to June 2009."
train,food,Product,Jacmar,Company,SaleOrMarketing,"Jacmar, through its affiliation with Distribution Market Advantage, Inc. (DMA), a national foodservice distribution consortium whose participants are prominent regional foodservice distributors, is currently our largest supplier of food, beverage, paper products and supplies."
train,beverage,Product,Jacmar,Company,SaleOrMarketing,"Jacmar, through its affiliation with Distribution Market Advantage, Inc. (DMA), a national foodservice distribution consortium whose participants are prominent regional foodservice distributors, is currently our largest supplier of food, beverage, paper products and supplies."
train,paper products,Product,Jacmar,Company,SaleOrMarketing,"Jacmar, through its affiliation with Distribution Market Advantage, Inc. (DMA), a national foodservice distribution consortium whose participants are prominent regional foodservice distributors, is currently our largest supplier of food, beverage, paper products and supplies."
train,QuetzSat-1 Transponder Service,Product,EchoStar 77 Corporation,Company,Unspecified,"QuetzSat-1 Transponder Service Agreement, dated November 24, 2008, between EchoStar 77 Corporation, a direct wholly - owned subsidiary of EchoStar, and DISH Network L.L.C. (incorporated by reference to Exhibit 10.25 to the Annual Report on Form 10 - K of EchoStar Corporation for the year ended December 31, 2009,"
train,Landfill Gas,Product,"BFI Waste Systems of Tennessee , LLC ( BFI )",Company,SaleOrMarketing,"On October 24, 2006, the Company signed a twenty - year Landfill Gas Sale and Purchase Agreement (the Agreement) with BFI Waste Systems of Tennessee, LLC (BFI), an affiliate of Allied Waste Industries (Allied)."
train,Cell Cycle Kinase Inhibitor,Product,"Pfizer Inc. , or Pfizer",Company,SaleOrMarketing,"Cell Cycle Kinase Inhibitor In May 1995, we entered into a research and development collaboration agreement with Warner - Lambert Company (formerly Parke Davis), now a subsidiary of Pfizer Inc., or Pfizer, to discover and commercialize small molecule drugs that restore control 8 Table of Contents of, or otherwise intervene in, the misregulated cell cycle in tumor cells."
train,Zipsor ( diclofenac potassium ) liquid filled capsules ( Zipsor ),Product,"Xanodyne Pharmaceuticals , Inc ( Xanodyne )",Company,Unspecified,"On June 21, 2012, the Company acquired all rights to Zipsor (diclofenac potassium) liquid filled capsules (Zipsor), from Xanodyne Pharmaceuticals, Inc (Xanodyne)."
train,Dr. Falk Pharma GmbH,Company,mesalamine,Product,Development,"Dr. Falk Pharma GmbH Pursuant to Salix s license agreement, as amended, with Dr. Falk Pharma GmbH, Salix acquired the rights to develop and market a granulated formulation of mesalamine."
train,strategic advisory,Product,SecureInfo,Company,SaleOrMarketing,"SecureInfo offers strategic advisory, operational cybersecurity and cybersecurity risk management services and is a recognized leader in the rapidly evolving fields of cloud security, continuous monitoring and cybersecurity training."
train,operational cybersecurity,Product,SecureInfo,Company,SaleOrMarketing,"SecureInfo offers strategic advisory, operational cybersecurity and cybersecurity risk management services and is a recognized leader in the rapidly evolving fields of cloud security, continuous monitoring and cybersecurity training."
train,cybersecurity risk management services,Product,SecureInfo,Company,SaleOrMarketing,"SecureInfo offers strategic advisory, operational cybersecurity and cybersecurity risk management services and is a recognized leader in the rapidly evolving fields of cloud security, continuous monitoring and cybersecurity training."
train,TiVo,Company,TiVo service,Product,Development,"TiVo's technology for enabling the TiVo service includes: the TiVo service client software platform, the TiVo service infrastructure, and TiVo - enabled hardware designs."
train,LEU,Product,USEC,Company,Unspecified,"Utility customers typically provide uranium to USEC as part of their enrichment contracts, and USEC delivers LEU to the customers and charges for the SWU component."
train,SWU component,Product,USEC,Company,Unspecified,"Utility customers typically provide uranium to USEC as part of their enrichment contracts, and USEC delivers LEU to the customers and charges for the SWU component."
train,visual data mining,Product,Quiterian S.L.,Company,Unspecified,"During fiscal 2012, we completed our acquisition of Quiterian S.L., a privately held software company that provides visual data mining, social media analytics and predictive analytics for business and other non - technical users."
train,social media analytics,Product,Quiterian S.L.,Company,Unspecified,"During fiscal 2012, we completed our acquisition of Quiterian S.L., a privately held software company that provides visual data mining, social media analytics and predictive analytics for business and other non - technical users."
train,predictive analytics,Product,Quiterian S.L.,Company,Unspecified,"During fiscal 2012, we completed our acquisition of Quiterian S.L., a privately held software company that provides visual data mining, social media analytics and predictive analytics for business and other non - technical users."
train,legal services,Product,Barrett McNagny LLP,Company,Unspecified,"The law firm of Barrett McNagny LLP, of which Robert S. Walters is a partner, performs legal services for the Company."
train,administrative support services,Product,Alliant Energy,Company,Unspecified,Alliant Energy s administrative support services are directly charged to the applicable segment where practicable.
train,telecommunications services,Product,ACN,Company,Unspecified,"Because ACN is a direct seller of telecommunications services, we may seek to engage in commercial transactions to provide services to ACN in the future."
train,automotive aftermarket mechanical products,Product,ECP,Company,SaleOrMarketing,"ECP's product offerings are primarily focused on automotive aftermarket mechanical products, many of which are sourced from the same suppliers that provide products to the OEMs."
train,software and/or services,Product,TaxACT,Company,SaleOrMarketing,"TaxACT is the recognized value player in the digital - do - it - yourself space, offering comparable software and/or services at a lower cost to the end - user compared to larger competitors."
train,Hospira,Company,VIBATIV drug product,Product,Development,We must obtain regulatory approval for VIBATIV drug product manufactured at Hospira's facility before any such product may be sold.
train,GLP,Company,Jinji Capsule,Product,Development,"Our Jinji Capsule was commercially launched approximately 30 years ago in China by GLP, which we acquired in April 2006."
train,Sony,Company,console platforms,Product,Development,"Our Xbox Platform competes with console platforms from Sony and Nintendo, both of which have a large, established base of customers. The lifecycle for gaming and entertainment consoles averages five to ten years. Nintendo released their latest generation console in November 2012. Sony released their latest generation console in November 2013."
train,Nintendo,Company,console platforms,Product,Development,"Our Xbox Platform competes with console platforms from Sony and Nintendo, both of which have a large, established base of customers. The lifecycle for gaming and entertainment consoles averages five to ten years. Nintendo released their latest generation console in November 2012. Sony released their latest generation console in November 2013."
train,Nintendo,Company,console,Product,Development,"Our Xbox Platform competes with console platforms from Sony and Nintendo, both of which have a large, established base of customers. The lifecycle for gaming and entertainment consoles averages five to ten years. Nintendo released their latest generation console in November 2012. Sony released their latest generation console in November 2013."
train,Sony,Company,console,Product,Development,"Our Xbox Platform competes with console platforms from Sony and Nintendo, both of which have a large, established base of customers. The lifecycle for gaming and entertainment consoles averages five to ten years. Nintendo released their latest generation console in November 2012. Sony released their latest generation console in November 2013."
train,anti - fungal compound Fosmanogepix,Product,Amplyx Pharmaceuticals,Company,Unspecified,"On January 5, 2021, Pfizer introduced a new logo. In April 2021, Pfizer acquired Amplyx Pharmaceuticals and its anti - fungal compound Fosmanogepix. In August, the company announced it would acquire Trillium Therapeutics Inc and its immuno - oncology portfolio for $ 2.3 billion. In December, Pfizer announced that it had agreed to acquire Arena Pharmaceuticals for $ 6.7 billion in cash."
train,737 Max jets,Product,Boeing,Company,SaleOrMarketing,"Near - term aircraft availability and attractive purchase terms ultimately drove Allegiant Travel to ditch its all - Airbus - fleet strategy by ordering 50 Boeing 737 Max jets. The deal, disclosed on 5 January, also highlights the Max 7's pricing edge against the competing A220, one analyst says."
train,A220,Product,Airbus,Company,SaleOrMarketing,"Near - term aircraft availability and attractive purchase terms ultimately drove Allegiant Travel to ditch its all - Airbus - fleet strategy by ordering 50 Boeing 737 Max jets. The deal, disclosed on 5 January, also highlights the Max 7's pricing edge against the competing A220, one analyst says."
train,tractor,Product,Escorts Ltd,Company,SaleOrMarketing,Escorts Ltd posts 1% decline in total tractor sales in October.
train,Vuzix,Company,smart glasses,Product,Development,"In January 2015, Intel purchased a 30% stake in Vuzix, a smart glasses manufacturer. The deal was worth $ 24.8 million."
train,Aprilia scooter,Product,Piaggio,Company,Unspecified,The Indian subsidiary of Italian premium scooter maker Piaggio has said its new Aprilia scooter range will be available at its over 100 Motoplex multi - brand retail stores across southern states.
train,business consulting,Product,Infosys Limited,Company,Unspecified,"Infosys Limited is an Indian multinational information technology company that provides business consulting, information technology, and outsourcing services. The company is headquartered in Bangalore."
train,information technology,Product,Infosys Limited,Company,Unspecified,"Infosys Limited is an Indian multinational information technology company that provides business consulting, information technology, and outsourcing services. The company is headquartered in Bangalore."
train,outsourcing services,Product,Infosys Limited,Company,Unspecified,"Infosys Limited is an Indian multinational information technology company that provides business consulting, information technology, and outsourcing services. The company is headquartered in Bangalore."
train,Scanfil,Company,communication and industrial electronics,Product,Development,"Finnish Scanfil, a contract manufacturer and systems supplier for communication and industrial electronics reports net sales of EUR 108.7 mn in the first half of 2008, down from EUR 111.1 mn a year earlier."
train,LG Electronics,Company,televisions,Product,Development,"LG Electronics ' products include televisions, home theater systems, refrigerators, washing machines, computer monitors, wearable devices, solar modules, smart appliances and, formerly, smartphones."
train,LG Electronics,Company,home theater systems,Product,Development,"LG Electronics ' products include televisions, home theater systems, refrigerators, washing machines, computer monitors, wearable devices, solar modules, smart appliances and, formerly, smartphones."
train,LG Electronics,Company,refrigerators,Product,Development,"LG Electronics ' products include televisions, home theater systems, refrigerators, washing machines, computer monitors, wearable devices, solar modules, smart appliances and, formerly, smartphones."
train,LG Electronics,Company,washing machines,Product,Development,"LG Electronics ' products include televisions, home theater systems, refrigerators, washing machines, computer monitors, wearable devices, solar modules, smart appliances and, formerly, smartphones."
train,LG Electronics,Company,computer monitors,Product,Development,"LG Electronics ' products include televisions, home theater systems, refrigerators, washing machines, computer monitors, wearable devices, solar modules, smart appliances and, formerly, smartphones."
train,LG Electronics,Company,wearable devices,Product,Development,"LG Electronics ' products include televisions, home theater systems, refrigerators, washing machines, computer monitors, wearable devices, solar modules, smart appliances and, formerly, smartphones."
train,LG Electronics,Company,solar modules,Product,Development,"LG Electronics ' products include televisions, home theater systems, refrigerators, washing machines, computer monitors, wearable devices, solar modules, smart appliances and, formerly, smartphones."
train,LG Electronics,Company,smart appliances,Product,Development,"LG Electronics ' products include televisions, home theater systems, refrigerators, washing machines, computer monitors, wearable devices, solar modules, smart appliances and, formerly, smartphones."
train,LG Electronics,Company,smartphones,Product,Development,"LG Electronics ' products include televisions, home theater systems, refrigerators, washing machines, computer monitors, wearable devices, solar modules, smart appliances and, formerly, smartphones."
train,Samsung Electronics,Company,LCD and LED panels,Product,Development,"Samsung Electronics produces LCD and LED panels, mobile phones, memory chips, NAND flash, solid - state drives, televisions, digital cinemas screen, and laptops."
train,Samsung Electronics,Company,mobile phones,Product,Development,"Samsung Electronics produces LCD and LED panels, mobile phones, memory chips, NAND flash, solid - state drives, televisions, digital cinemas screen, and laptops."
train,Samsung Electronics,Company,memory chips,Product,Development,"Samsung Electronics produces LCD and LED panels, mobile phones, memory chips, NAND flash, solid - state drives, televisions, digital cinemas screen, and laptops."
train,Samsung Electronics,Company,NAND flash,Product,Development,"Samsung Electronics produces LCD and LED panels, mobile phones, memory chips, NAND flash, solid - state drives, televisions, digital cinemas screen, and laptops."
train,Samsung Electronics,Company,solid - state drives,Product,Development,"Samsung Electronics produces LCD and LED panels, mobile phones, memory chips, NAND flash, solid - state drives, televisions, digital cinemas screen, and laptops."
train,Samsung Electronics,Company,televisions,Product,Development,"Samsung Electronics produces LCD and LED panels, mobile phones, memory chips, NAND flash, solid - state drives, televisions, digital cinemas screen, and laptops."
train,Samsung Electronics,Company,digital cinemas screen,Product,Development,"Samsung Electronics produces LCD and LED panels, mobile phones, memory chips, NAND flash, solid - state drives, televisions, digital cinemas screen, and laptops."
train,Samsung Electronics,Company,laptops,Product,Development,"Samsung Electronics produces LCD and LED panels, mobile phones, memory chips, NAND flash, solid - state drives, televisions, digital cinemas screen, and laptops."
train,enterprise social networks,Product,"Yammer , Inc. ( "" Yammer "" )",Company,SaleOrMarketing,"On July 18, 2012, we acquired Yammer, Inc. ("" Yammer ""), a leading provider of enterprise social networks, for $ 1.1 billion in cash"
train,Zynga,Company,Farmville,Product,Development,Take - Two already acquired Farmville creator Zynga for a record $ 12.7 billion recently.
train,Broadcom Inc.,Company,semiconductor and infrastructure software products,Product,Development,"Broadcom Inc. is an American designer, developer, manufacturer and global supplier of a wide range of semiconductor and infrastructure software products. Broadcom's product offerings serve the data center, networking, software, broadband, wireless, and storage and industrial markets. Tan Hock Eng is the company's president and CEO. The company is headquartered in San Jose, California."
train,Tesla,Company,Cybertruck,Product,Development,Exclusive - Tesla delays initial production of Cybertruck to early 2023 -source
train,Dell,Company,personal computers,Product,Development,"Dell's products include personal computers, servers, smartphones, televisions, computer software, computer security and network security, as well as information security services."
train,Dell,Company,servers,Product,Development,"Dell's products include personal computers, servers, smartphones, televisions, computer software, computer security and network security, as well as information security services."
train,Dell,Company,smartphones,Product,Development,"Dell's products include personal computers, servers, smartphones, televisions, computer software, computer security and network security, as well as information security services."
train,Dell,Company,televisions,Product,Development,"Dell's products include personal computers, servers, smartphones, televisions, computer software, computer security and network security, as well as information security services."
train,Dell,Company,computer software,Product,Development,"Dell's products include personal computers, servers, smartphones, televisions, computer software, computer security and network security, as well as information security services."
train,Dell,Company,computer security and network security,Product,Development,"Dell's products include personal computers, servers, smartphones, televisions, computer software, computer security and network security, as well as information security services."
train,Dell,Company,information security services,Product,Development,"Dell's products include personal computers, servers, smartphones, televisions, computer software, computer security and network security, as well as information security services."
train,motorcycles,Product,United Auto,Company,SaleOrMarketing,"The sales of United Auto motorcycles also declined by 25.71 percent from 202,284 units to 150,267 units."
train,Zilver PTX,Product,Cook,Company,SaleOrMarketing,Cook first received approval to sell Zilver PTX in the E.U. in 2009.
train,HAC powder,Product,Guizhou Yufeng,Company,SaleOrMarketing,"This is Jiangmen Wealth Water, one of our operating subsidiaries in PRC, purchasing HAC powder from another subsidiaries of ours, Guizhou Yufeng,."
train,TRU-016,Product,Facet Biotech Corporation,Company,SaleOrMarketing,"Collaboration Agreements Abbott Laboratories In August 2009, Trubion, which the Company acquired in October 2010, entered into a collaboration agreement with Facet Biotech Corporation, now a wholly - owned subsidiary of Abbott, for the joint worldwide development and commercialization of TRU-016."
train,engine,Product,Caterpillar,Company,SaleOrMarketing,"2 Table of Contents Under a distributor agreement with Perkins, a wholly - owned subsidiary of Caterpillar, packaging and distribution agreements with Caterpillar engine dealers and our association with Caterpillar, we are one of the largest suppliers of Perkins and Caterpillar diesel power systems under 275 horsepower."
train,diesel power systems,Product,Perkins,Company,SaleOrMarketing,"2 Table of Contents Under a distributor agreement with Perkins, a wholly - owned subsidiary of Caterpillar, packaging and distribution agreements with Caterpillar engine dealers and our association with Caterpillar, we are one of the largest suppliers of Perkins and Caterpillar diesel power systems under 275 horsepower."
train,diesel power systems,Product,Caterpillar,Company,SaleOrMarketing,"2 Table of Contents Under a distributor agreement with Perkins, a wholly - owned subsidiary of Caterpillar, packaging and distribution agreements with Caterpillar engine dealers and our association with Caterpillar, we are one of the largest suppliers of Perkins and Caterpillar diesel power systems under 275 horsepower."
train,"set - top box , or STB",Product,"Trident Microsystems , Inc.",Company,Unspecified,"Additionally, we recently acquired the assets comprising our set - top box, or STB, system - on - a - chip, or SoC, solutions from Trident Microsystems, Inc. and certain of its subsidiaries, collectively Trident, and the integration of those assets into our legacy operations is in its initial phase."
train,"system - on - a - chip , or SoC , solutions",Product,"Trident Microsystems , Inc.",Company,Unspecified,"Additionally, we recently acquired the assets comprising our set - top box, or STB, system - on - a - chip, or SoC, solutions from Trident Microsystems, Inc. and certain of its subsidiaries, collectively Trident, and the integration of those assets into our legacy operations is in its initial phase."
train,brakes,Product,"Automotive Specialty Accessories and Parts , Inc.",Company,Unspecified,"A wholly - owned subsidiary of the Company, Automotive Specialty Accessories and Parts, Inc. and its wholly - owned subsidiary WAG, are named defendants in several lawsuits involving claims for damages caused by installation of brakes during the late 1960 s and early 1970 s that contained asbestos."
train,brakes,Product,WAG,Company,Unspecified,"A wholly - owned subsidiary of the Company, Automotive Specialty Accessories and Parts, Inc. and its wholly - owned subsidiary WAG, are named defendants in several lawsuits involving claims for damages caused by installation of brakes during the late 1960 s and early 1970 s that contained asbestos."
train,Epic Games,Company,games,Product,Development,The Caliber Advantage utilizes technology that is specifically optimized for games developed by industry leaders such as Epic Games and Epic's ChAIR Entertainment for the ultimate gaming experience.
train,ChAIR Entertainment,Company,games,Product,Development,The Caliber Advantage utilizes technology that is specifically optimized for games developed by industry leaders such as Epic Games and Epic's ChAIR Entertainment for the ultimate gaming experience.
train,GE Medical Systems,Company,medical diagnostic equipment,Product,Development,"Ms. Leahy was General Counsel Americas, GE Medical Systems, a developer and manufacturer of medical diagnostic equipment, from January 1999 to July 2001."
train,"Summit Technology , Inc.",Company,ophthalmic laser systems,Product,Development,"From 1999 to 2001, Mr. Deegan served as Assistant General Counsel of Summit Technology, Inc., a publicly held manufacturer of ophthalmic laser systems."
train,Temple - Inland Inc.,Company,forest products,Product,Development,"From June 1999 until his retirement in June 2004, Mr. Potts served as vice president and general manager of Temple - Inland Inc., a major forest products corporation, where he was responsible for all aspects of the management of a major production facility, including timber acquisition, community relations, and governmental affairs."
train,Indaflex,Product,Proprius,Company,Unspecified,"On March 2008, Proprius was acquired by Cypress Bioscience Inc. (Cypress) and Cypress assumed Indaflex clinical development."
train,mobile banking and payment solutions,Product,"mFoundry , Inc.",Company,SaleOrMarketing,"Subsequent Event On January 31, 2013, FIS announced that it has signed a definitive agreement to acquire the remaining interest in mFoundry, Inc., a leading provider of mobile banking and payment solutions for financial institutions and retailers."
train,electricity,Product,Deutsche Telekom,Company,SaleOrMarketing,"In addition, Unitymedia KabelBW purchases a portion of the electricity required for the operation of its networks through Deutsche Telekom under such agreements."
train,tracking solution,Product,LeaseHawk LLC,Company,Unspecified,"In addition, we compete with lead tracking solution providers, including LeaseHawk LLC, Lead Tracking Solutions (acquired by Yardi) and Who s Calling, Inc."
train,tracking solution,Product,Lead Tracking Solutions,Company,Unspecified,"In addition, we compete with lead tracking solution providers, including LeaseHawk LLC, Lead Tracking Solutions (acquired by Yardi) and Who s Calling, Inc."
train,tracking solution,Product,"Who s Calling , Inc.",Company,Unspecified,"In addition, we compete with lead tracking solution providers, including LeaseHawk LLC, Lead Tracking Solutions (acquired by Yardi) and Who s Calling, Inc."
train,Regulus,Company,microRNA therapeutics,Product,Development,"In September 2007, the Company and Isis established Regulus, a company focused on the discovery, development and commercialization of microRNA therapeutics, a potential new class of drugs to treat the pathways of human disease."
train,ethics and compliance e - learning and consultative services,Product,Corpedia,Company,SaleOrMarketing,"Corpedia On June 22, 2012, NYSE Euronext completed the acquisition of Corpedia, a U.S.-based provider of ethics and compliance e - learning and consultative services."
train,pipeline generic products,Product,Teva,Company,SaleOrMarketing,"Pursuant to this agreement, Qualitest Pharmaceuticals purchased certain pipeline generic products from Teva and could be obligated to pay consideration to Teva upon the achievement of certain future regulatory milestones (the Teva Contingent Consideration)."
train,customer promotion and lead generation services,Product,Bravenet,Company,SaleOrMarketing,"On September 29, 2006, QuoteMedia, Ltd. purchased the Bravenet business unit that was responsible for providing the Company customer promotion and lead generation services."
train,Sanctura XR,Product,Watson,Company,Unspecified,"Subsequent to Watson s ANDA filing, Sandoz Inc. and Paddock Laboratories, Inc. (acquired by Perrigo Company in August 2011) also filed ANDAs for a generic version of Sanctura XR."
train,Sanctura XR,Product,Sandoz Inc.,Company,Unspecified,"Subsequent to Watson s ANDA filing, Sandoz Inc. and Paddock Laboratories, Inc. (acquired by Perrigo Company in August 2011) also filed ANDAs for a generic version of Sanctura XR."
train,Sanctura XR,Product,"Paddock Laboratories , Inc.",Company,Unspecified,"Subsequent to Watson s ANDA filing, Sandoz Inc. and Paddock Laboratories, Inc. (acquired by Perrigo Company in August 2011) also filed ANDAs for a generic version of Sanctura XR."
train,collateralized lending,Product,Financial Federal Corporation ( Financial Federal ),Company,Unspecified,"On February 19, 2010, People s United Financial completed its acquisition of Financial Federal Corporation (Financial Federal), a financial services company providing collateralized lending, financing and leasing services nationwide to small and medium sized businesses."
train,financing,Product,Financial Federal Corporation ( Financial Federal ),Company,Unspecified,"On February 19, 2010, People s United Financial completed its acquisition of Financial Federal Corporation (Financial Federal), a financial services company providing collateralized lending, financing and leasing services nationwide to small and medium sized businesses."
train,leasing services,Product,Financial Federal Corporation ( Financial Federal ),Company,Unspecified,"On February 19, 2010, People s United Financial completed its acquisition of Financial Federal Corporation (Financial Federal), a financial services company providing collateralized lending, financing and leasing services nationwide to small and medium sized businesses."
train,zinc oxide,Product,Zochem,Company,Unspecified,"Zochem, which we acquired on November 1, 2011, uses zinc metal to produce zinc oxide."
train,laser systems,Product,IRIDEX Corporation,Company,Unspecified,"In February 2012, we acquired the global aesthetic business unit of IRIDEX Corporation, which included various laser systems (such as the VariLite and Gemini) and an installed base of customers, whose products are being serviced by us."
train,VariLite,Product,IRIDEX Corporation,Company,Unspecified,"In February 2012, we acquired the global aesthetic business unit of IRIDEX Corporation, which included various laser systems (such as the VariLite and Gemini) and an installed base of customers, whose products are being serviced by us."
train,Gemini,Product,IRIDEX Corporation,Company,Unspecified,"In February 2012, we acquired the global aesthetic business unit of IRIDEX Corporation, which included various laser systems (such as the VariLite and Gemini) and an installed base of customers, whose products are being serviced by us."
train,zinc oxide,Product,Zochem,Company,SaleOrMarketing,"As a result of the acquisition of Zochem on November 1, 2011, we were able to broaden our geographic reach, diversify our customer base and markets for zinc oxide and provide added operational flexibility."
train,Autoliv,Company,heat packages,Product,Development,"If Autoliv fails to manufacture the heat packages to the necessary specifications, or does not carry out its contractual obligations to supply our heat packages to us, or if the FDA requires different manufacturing or quality standards than those set forth in our manufacture agreement, our clinical trials or commercialization efforts may be delayed, suspended or terminated while we seek additional suitable manufacturers of our heat packages, which may prevent us from commercializing ADASUVE or our product candidates that utilize the single dose version of the Staccato system."
train,RFG,Company,"healthy , high quality products",Product,Development,"RFG is a fresh - food company that produces, markets, and distributes nationally a portfolio of healthy, high quality products for consumers via the retail and foodservice channels."
train,HDPE,Company,grocery,Product,Development,"HDPE is used to manufacture products such as grocery, merchandise and trash bags, plastic containers, plastic closures and pipe."
train,HDPE,Company,merchandise and trash bags,Product,Development,"HDPE is used to manufacture products such as grocery, merchandise and trash bags, plastic containers, plastic closures and pipe."
train,HDPE,Company,plastic containers,Product,Development,"HDPE is used to manufacture products such as grocery, merchandise and trash bags, plastic containers, plastic closures and pipe."
train,HDPE,Company,plastic closures,Product,Development,"HDPE is used to manufacture products such as grocery, merchandise and trash bags, plastic containers, plastic closures and pipe."
train,HDPE,Company,pipe,Product,Development,"HDPE is used to manufacture products such as grocery, merchandise and trash bags, plastic containers, plastic closures and pipe."
train,aircraft parts,Product,First Aviation Services Inc.,Company,Unspecified,"From October 2003 until September 2006, he served as Chief Financial Officer, Senior Vice President and Corporate Secretary of First Aviation Services Inc., an aviation services company providing aircraft parts and maintenance services."
train,maintenance services,Product,First Aviation Services Inc.,Company,Unspecified,"From October 2003 until September 2006, he served as Chief Financial Officer, Senior Vice President and Corporate Secretary of First Aviation Services Inc., an aviation services company providing aircraft parts and maintenance services."
train,Lightway,Company,polycrystalline silicon wafers,Product,Development,"Lightway is a vertically integrated manufacturer of polycrystalline silicon wafers, solar cells and solar modules."
train,Lightway,Company,solar cells,Product,Development,"Lightway is a vertically integrated manufacturer of polycrystalline silicon wafers, solar cells and solar modules."
train,Lightway,Company,solar modules,Product,Development,"Lightway is a vertically integrated manufacturer of polycrystalline silicon wafers, solar cells and solar modules."
train,"Tengion , Inc.",Company,neo - organs,Product,Development,"Overview Tengion, Inc. is a regenerative medicine company focused on discovering, developing, manufacturing and commercializing a range of neo - organs, or products composed of living cells, with or without synthetic or natural materials, implanted or injected into the body to engraft into, regenerate, or replace a damaged tissue or organ."
train,"Tengion , Inc.",Company,products composed of living cells,Product,Development,"Overview Tengion, Inc. is a regenerative medicine company focused on discovering, developing, manufacturing and commercializing a range of neo - organs, or products composed of living cells, with or without synthetic or natural materials, implanted or injected into the body to engraft into, regenerate, or replace a damaged tissue or organ."
train,"Ergon Refining , Inc.",Company,naphthenic lubricating oils,Product,Development,"Our primary competitor in producing naphthenic lubricating oils is Ergon Refining, Inc."
train,Arnold,Company,Samarium Cobalt permanent magnets,Product,Development,Arnold is a major producer of both Samarium Cobalt permanent magnets under its brand name RECOMA and Alnico (in both cast and sintered forms).
train,Arnold,Company,RECOMA,Product,Development,Arnold is a major producer of both Samarium Cobalt permanent magnets under its brand name RECOMA and Alnico (in both cast and sintered forms).
train,Arnold,Company,Alnico,Product,Development,Arnold is a major producer of both Samarium Cobalt permanent magnets under its brand name RECOMA and Alnico (in both cast and sintered forms).
train,Tankfill,Company,diving solutions,Product,Development,"Tankfill designs, builds, and sells diving solutions from marine - ready tank filling compressors, Nitrox Makers, complete dive lockers, and full submarine support systems."
train,Tankfill,Company,marine - ready tank filling compressors,Product,Development,"Tankfill designs, builds, and sells diving solutions from marine - ready tank filling compressors, Nitrox Makers, complete dive lockers, and full submarine support systems."
train,Tankfill,Company,Nitrox Makers,Product,Development,"Tankfill designs, builds, and sells diving solutions from marine - ready tank filling compressors, Nitrox Makers, complete dive lockers, and full submarine support systems."
train,Tankfill,Company,complete dive lockers,Product,Development,"Tankfill designs, builds, and sells diving solutions from marine - ready tank filling compressors, Nitrox Makers, complete dive lockers, and full submarine support systems."
train,Tankfill,Company,full submarine support systems,Product,Development,"Tankfill designs, builds, and sells diving solutions from marine - ready tank filling compressors, Nitrox Makers, complete dive lockers, and full submarine support systems."
train,Manitex,Company,boom trucks and crane products,Product,Development,"Manitex s boom trucks and crane products are primarily used for industrial projects, energy exploration and infrastructure development, including, roads, bridges and commercial construction."
train,timber treatment chemicals,Product,Timber Treatment Chemicals,Company,SaleOrMarketing,"We believe that Timber Treatment Chemicals is a leading provider in North America, Europe and Japan of new generation alternative timber treatment chemicals, such as ACQ and Ecolife, which provide enhanced environmental benefits, as they do not contain chrome or arsenic."
train,ACQ,Product,Timber Treatment Chemicals,Company,SaleOrMarketing,"We believe that Timber Treatment Chemicals is a leading provider in North America, Europe and Japan of new generation alternative timber treatment chemicals, such as ACQ and Ecolife, which provide enhanced environmental benefits, as they do not contain chrome or arsenic."
train,Ecolife,Product,Timber Treatment Chemicals,Company,SaleOrMarketing,"We believe that Timber Treatment Chemicals is a leading provider in North America, Europe and Japan of new generation alternative timber treatment chemicals, such as ACQ and Ecolife, which provide enhanced environmental benefits, as they do not contain chrome or arsenic."
train,magazines,Product,Time Inc.,Company,SaleOrMarketing,"In addition to publishing magazines, Time Inc. also operates a number of websites, as well as book publishing and marketing businesses."
train,Moist snuff,Product,American Snuff,Company,SaleOrMarketing,Moist snuff has been the key driver to American Snuff s overall growth and profitability within the U.S. smokeless tobacco market.
train,essential clinical content,Product,"Epocrates , Inc.",Company,Unspecified,"Business Overview Epocrates, Inc. is a leading physician platform for essential clinical content, practice tools and health industry engagement at the point of care."
train,practice tools,Product,"Epocrates , Inc.",Company,Unspecified,"Business Overview Epocrates, Inc. is a leading physician platform for essential clinical content, practice tools and health industry engagement at the point of care."
train,health industry engagement,Product,"Epocrates , Inc.",Company,Unspecified,"Business Overview Epocrates, Inc. is a leading physician platform for essential clinical content, practice tools and health industry engagement at the point of care."
train,MM-121,Product,Sanofi,Company,SaleOrMarketing,"In September 2009, we entered into a license and collaboration agreement with Sanofi for the development and commercialization of MM-121."
train,MA chronic condition special needs plans,Product,Easy Choice,Company,SaleOrMarketing,"In addition, in 2013, Easy Choice began offering MA chronic condition special needs plans in five of the 11 counties in its service area."
train,LLPG,Company,Liquidmetal products,Product,Development,"We, in turn, will receive royalty payments over the life of the contract on all Liquidmetal products produced and sold by LLPG."
train,cell therapy,Product,Cytori,Company,Unspecified,"Cytori s cell therapy utilizes a patient s own adipose derived stem and regenerative cells, uniquely optimized and formulated for specific therapeutic applications."
train,cell therapy,Product,Cytori,Company,SaleOrMarketing,"While our focus is on the development of new therapeutic applications for Cytori s cell therapy, we are currently commercializing the Celution System under select medical device clearances in Europe, Japan, and other regions."
train,Celution System,Product,Cytori,Company,SaleOrMarketing,"While our focus is on the development of new therapeutic applications for Cytori s cell therapy, we are currently commercializing the Celution System under select medical device clearances in Europe, Japan, and other regions."
train,CCX168,Product,GSK,Company,SaleOrMarketing,"This, in turn, could affect whether GSK exercises its remaining option with respect to CCX168 under our strategic alliance and could prevent us from commercializing our drug candidates."
train,technical and marketing services,Product,Siber Consulting,Company,SaleOrMarketing,Siber Consulting provides technical and marketing services to the wireless industry.
train,e - commerce solutions and services,Product,Sitoa Global,Company,Unspecified,F-6 SITOA GLOBAL INC. Notes to Financial Statements Sitoa Global specializes in providing e - commerce solutions and services that facilitate multi - channel B2C (business - to - consumer) and B2B (business - to - business) transactions.
train,PHA biopolymer products,Product,"Telles , LLC ( "" Telles "" )",Company,SaleOrMarketing,"Through this alliance, the companies established a joint venture company, Telles, LLC ("" Telles ""), to commercialize PHA biopolymer products."
train,public finance services,Product,First Southwest,Company,Unspecified,First Southwest s primary focus is on providing public finance services.
train,"Prasco LLC , or Prasco",Company,generic version of our Zegerid capsules product,Product,Development,"At this same time, we also launched an authorized generic version of our Zegerid capsules product under a distribution and supply agreement with Prasco LLC, or Prasco, as further described below."
train,continuous glucose monitors,Product,DexCom,Company,SaleOrMarketing,"To date, in addition to DexCom, we are aware of three other companies, Cygnus, Inc. (Cygnus), Medtronic, Inc. (Medtronic) and Abbott Diabetes Care, Inc. (Abbott), that have received approval from the FDA to market continuous glucose monitors."
train,continuous glucose monitors,Product,"Cygnus , Inc. ( Cygnus )",Company,SaleOrMarketing,"To date, in addition to DexCom, we are aware of three other companies, Cygnus, Inc. (Cygnus), Medtronic, Inc. (Medtronic) and Abbott Diabetes Care, Inc. (Abbott), that have received approval from the FDA to market continuous glucose monitors."
train,continuous glucose monitors,Product,"Medtronic , Inc. ( Medtronic )",Company,SaleOrMarketing,"To date, in addition to DexCom, we are aware of three other companies, Cygnus, Inc. (Cygnus), Medtronic, Inc. (Medtronic) and Abbott Diabetes Care, Inc. (Abbott), that have received approval from the FDA to market continuous glucose monitors."
train,continuous glucose monitors,Product,"Abbott Diabetes Care , Inc. ( Abbott )",Company,SaleOrMarketing,"To date, in addition to DexCom, we are aware of three other companies, Cygnus, Inc. (Cygnus), Medtronic, Inc. (Medtronic) and Abbott Diabetes Care, Inc. (Abbott), that have received approval from the FDA to market continuous glucose monitors."
train,R - Tech,Company,lubiprostone,Product,Development,"We entered into an exclusive supply arrangement with R - Tech under which we granted R - Tech the exclusive right to manufacture and supply lubiprostone to meet its commercial and clinical requirements in Asia, Australia and New Zealand."
train,background screening services,Product,Screening International,Company,SaleOrMarketing,Screening International Holdings is not an operating subsidiary and our background screening services ceased upon the sale of Screening International.
train,administrative,Product,Atlas,Company,SaleOrMarketing,"Under other separate agreements, Atlas and Polar supply administrative, sales and ground support services to one another."
train,administrative,Product,Polar,Company,SaleOrMarketing,"Under other separate agreements, Atlas and Polar supply administrative, sales and ground support services to one another."
train,sales,Product,Atlas,Company,SaleOrMarketing,"Under other separate agreements, Atlas and Polar supply administrative, sales and ground support services to one another."
train,sales,Product,Polar,Company,SaleOrMarketing,"Under other separate agreements, Atlas and Polar supply administrative, sales and ground support services to one another."
train,ground support services,Product,Atlas,Company,SaleOrMarketing,"Under other separate agreements, Atlas and Polar supply administrative, sales and ground support services to one another."
train,ground support services,Product,Polar,Company,SaleOrMarketing,"Under other separate agreements, Atlas and Polar supply administrative, sales and ground support services to one another."
train,IPTV services,Product,KPN,Company,SaleOrMarketing,KPN targets our price sensitive customers with attractive offers for its IPTV services and its triple - play and quadruple - play bundles.
train,triple - play and quadruple - play bundles,Product,KPN,Company,SaleOrMarketing,KPN targets our price sensitive customers with attractive offers for its IPTV services and its triple - play and quadruple - play bundles.
train,vaccines,Product,BPS,Company,Unspecified,"Following are licensing agreements to which BPS is a party covering technologies and intellectual property rights applicable to BPS's development of vaccines for the biodefense field: Regents of the University of California License Agreement BPS is a party to a license agreement dated July 29, 2008, or the California License, with the Regents of the University of California, or California."
train,Universal Circuits,Company,PCBs,Product,Development,"Universal Circuits supplies PCBs to major military, aerospace, and medical original equipment manufacturers and contract manufacturers."
train,Roche,Company,therapeutic products,Product,Development,"Under the license and collaboration agreement we granted Roche a non - exclusive license to our intellectual property to develop and commercialize therapeutic products that function through RNAi, subject to our existing contractual obligations to third parties."
train,online games,Product,Changyou,Company,Unspecified,"We depend on Changyou s online games, and on Changyou s game TLBB in particular, for a significant portion of our revenues, net income, and operating cash flow."
train,game TLBB,Product,Changyou,Company,Unspecified,"We depend on Changyou s online games, and on Changyou s game TLBB in particular, for a significant portion of our revenues, net income, and operating cash flow."
train,Glutino,Company,gluten - free products,Product,Development,We are dependent on third parties to manufacture all of our spreads and other products (other than certain of Glutino's and many of Udi's gluten - free products).
train,Udi,Company,gluten - free products,Product,Development,We are dependent on third parties to manufacture all of our spreads and other products (other than certain of Glutino's and many of Udi's gluten - free products).
train,G3000,Product,Garmin,Company,Unspecified,The G3000 includes a stability augmentation function called Garmin s Electronic Stability and Protection (Garmin ESP) system.
train,iRobot brand,Company,Verro,Product,Development,"Verro is brought to market under the iRobot brand through a relationship with Aquatron, Inc., which developed the pool cleaning robots."
train,"Aquatron , Inc.",Company,pool cleaning robots,Product,Development,"Verro is brought to market under the iRobot brand through a relationship with Aquatron, Inc., which developed the pool cleaning robots."
train,"The Vehicle Production Group LLC ( "" VPG "" )",Company,natural gas vehicle,Product,Development,"(7) Investment in Other Entities The Company invested in The Vehicle Production Group LLC ("" VPG ""), a company that developed a natural gas vehicle made in the United States for taxi and paratransit use."
train,Medicare supplement insurance,Product,Bankers Life,Company,SaleOrMarketing,"Bankers Life, which markets and distributes Medicare supplement insurance, interest - sensitive life insurance, traditional life insurance, fixed annuities and long - term care insurance products to the middle - income senior market through a dedicated field force of career agents and sales managers supported by a network of community - based sales offices."
train,interest - sensitive life insurance,Product,Bankers Life,Company,SaleOrMarketing,"Bankers Life, which markets and distributes Medicare supplement insurance, interest - sensitive life insurance, traditional life insurance, fixed annuities and long - term care insurance products to the middle - income senior market through a dedicated field force of career agents and sales managers supported by a network of community - based sales offices."
train,traditional life insurance,Product,Bankers Life,Company,SaleOrMarketing,"Bankers Life, which markets and distributes Medicare supplement insurance, interest - sensitive life insurance, traditional life insurance, fixed annuities and long - term care insurance products to the middle - income senior market through a dedicated field force of career agents and sales managers supported by a network of community - based sales offices."
train,fixed annuities and long - term care insurance products,Product,Bankers Life,Company,SaleOrMarketing,"Bankers Life, which markets and distributes Medicare supplement insurance, interest - sensitive life insurance, traditional life insurance, fixed annuities and long - term care insurance products to the middle - income senior market through a dedicated field force of career agents and sales managers supported by a network of community - based sales offices."
train,marketing and business technology solutions,Product,Zillow,Company,SaleOrMarketing,Zillow s Premier Agent program offers a suite of marketing and business technology solutions to help real estate agents grow their businesses and personal brands.
train,Operational Risk Management,Product,Dyadem,Company,SaleOrMarketing,Dyadem is a market leader in Operational Risk Management and Quality Risk Management solutions.
train,Quality Risk Management solutions,Product,Dyadem,Company,SaleOrMarketing,Dyadem is a market leader in Operational Risk Management and Quality Risk Management solutions.
train,"Cytokinetics , Inc.",Company,troponin activator,Product,Development,"In addition, Cytokinetics, Inc. is developing a troponin activator with a muscle specific mechanism in Phase II 38 Table of Contents studies, with a focus on neurological muscle diseases (amyotrophic lateral sclerosis and myasthenia gravis) and Novartis AG is developing a human monoclonal antibody for various muscle indications."
train,Novartis AG,Company,human monoclonal antibody,Product,Development,"In addition, Cytokinetics, Inc. is developing a troponin activator with a muscle specific mechanism in Phase II 38 Table of Contents studies, with a focus on neurological muscle diseases (amyotrophic lateral sclerosis and myasthenia gravis) and Novartis AG is developing a human monoclonal antibody for various muscle indications."
train,general and administrative and other services,Product,Targa,Company,Unspecified,"In conjunction with subsequent Targa asset conveyances, the parties amended the Omnibus Agreement to run through April 2013 and to have Targa provide general and administrative and other services to us associated with (1) our existing assets and any future Targa conveyances and (2) subject to mutual agreement, our future acquisitions from third parties."
train,OFAC compliance services,Product,OBIC,Company,Unspecified,"Prior to entry into the OFAC Compliance Services Agreement, OBIC provided OFAC compliance services to Esurance companies pursuant to the Separation Agreement."
train,banking and financial services,Product,Intermountain,Company,SaleOrMarketing,Intermountain offers banking and financial services that fit the needs of the communities it serves.
train,programming services,Product,Starz,Company,SaleOrMarketing,Starz owns and operates programming services that may compete with the programming services offered by our businesses.
train,long distance telephone services,Product,China Unicom,Company,Unspecified,"China Unicom also provides a wide array of services, including long distance telephone services, local telephone services, Internet and data communications services, paging services, communications value - added services and other communications services."
train,local telephone services,Product,China Unicom,Company,Unspecified,"China Unicom also provides a wide array of services, including long distance telephone services, local telephone services, Internet and data communications services, paging services, communications value - added services and other communications services."
train,Internet and data communications services,Product,China Unicom,Company,Unspecified,"China Unicom also provides a wide array of services, including long distance telephone services, local telephone services, Internet and data communications services, paging services, communications value - added services and other communications services."
train,paging services,Product,China Unicom,Company,Unspecified,"China Unicom also provides a wide array of services, including long distance telephone services, local telephone services, Internet and data communications services, paging services, communications value - added services and other communications services."
train,communications value - added services,Product,China Unicom,Company,Unspecified,"China Unicom also provides a wide array of services, including long distance telephone services, local telephone services, Internet and data communications services, paging services, communications value - added services and other communications services."
train,communications services,Product,China Unicom,Company,Unspecified,"China Unicom also provides a wide array of services, including long distance telephone services, local telephone services, Internet and data communications services, paging services, communications value - added services and other communications services."
train,BEMA technology,Product,Arius,Company,Unspecified,BSP has waived its rights under this agreement with respect to Arius products which include the BEMA technology.
train,wireless interactive home security services,Product,2GIG,Company,Unspecified,2GIG also provides wireless interactive home security services and a wide range of peripheral hardware devices and systems components for home security and automation solutions.
train,peripheral hardware devices and systems components,Product,2GIG,Company,Unspecified,2GIG also provides wireless interactive home security services and a wide range of peripheral hardware devices and systems components for home security and automation solutions.
train,home security and automation solutions,Product,2GIG,Company,Unspecified,2GIG also provides wireless interactive home security services and a wide range of peripheral hardware devices and systems components for home security and automation solutions.
train,mobile security solutions,Product,Symantec,Company,SaleOrMarketing,"Our principal competitors offering mobile security solutions include companies such as Symantec, McAfee, AirWatch, Good Technology and MobileIron."
train,mobile security solutions,Product,McAfee,Company,SaleOrMarketing,"Our principal competitors offering mobile security solutions include companies such as Symantec, McAfee, AirWatch, Good Technology and MobileIron."
train,mobile security solutions,Product,AirWatch,Company,SaleOrMarketing,"Our principal competitors offering mobile security solutions include companies such as Symantec, McAfee, AirWatch, Good Technology and MobileIron."
train,mobile security solutions,Product,Good Technology,Company,SaleOrMarketing,"Our principal competitors offering mobile security solutions include companies such as Symantec, McAfee, AirWatch, Good Technology and MobileIron."
train,mobile security solutions,Product,MobileIron,Company,SaleOrMarketing,"Our principal competitors offering mobile security solutions include companies such as Symantec, McAfee, AirWatch, Good Technology and MobileIron."
train,ACTONEL,Product,Sanofi,Company,Unspecified,"For example, under the Collaboration Agreement, Sanofi generally has the right to elect to participate in the development of ACTONEL - related product improvements, other than product improvements specifically related to the United States and Puerto Rico, where we have full control over all product development decisions."
train,CamelBak,Company,mountain biking product,Product,Development,"After starting with a mountain biking product, CamelBak developed a host of other types of biking hydration packs that are designed to match specific types of biking."
train,CamelBak,Company,biking hydration packs,Product,Development,"After starting with a mountain biking product, CamelBak developed a host of other types of biking hydration packs that are designed to match specific types of biking."
train,OX219,Product,Orexo,Company,SaleOrMarketing,"Orexo has stated that it is pursuing partnership models for the commercialization of OX219 in the U.S. While limited information is available, other formulations of buprenorphine may also be in early stages of development for the treatment of opioid dependence, including an oral capsule from Nanotherapeutics, Inc."
train,oral capsule,Product,"Nanotherapeutics , Inc.",Company,SaleOrMarketing,"Orexo has stated that it is pursuing partnership models for the commercialization of OX219 in the U.S. While limited information is available, other formulations of buprenorphine may also be in early stages of development for the treatment of opioid dependence, including an oral capsule from Nanotherapeutics, Inc."
train,avocados,Product,Calavo brands,Company,SaleOrMarketing,"The Company s avocados are packed by Calavo, sold and distributed under Calavo brands to its customers primarily in the United States and Canada."
train,CLUB Visa credit card,Product,Cabela,Company,SaleOrMarketing,The percentage of our merchandise sold to customers using the Cabela s CLUB Visa credit card approximated 29% for 2012.
train,Regency,Company,natural gas compression,Product,Development,"Regency offers producers four different levels of natural gas compression on the Waha gathering system, as compared to the two levels typically offered in the industry."
train,Debio 0932,Product,Debiopharm,Company,Unspecified,"In 2011, Debiopharm successfully advanced Debio 0932 through the dose escalation portion of this phase I study and presented results of this study at the annual meeting of the American Society of Clinical Oncology in June 2012."
train,Process Control Software,Product,Rudolph,Company,SaleOrMarketing,Rudolph is a leading provider of Process Control Software in the semiconductor industry.
train,bone and specialty allografts,Product,Zimmer,Company,SaleOrMarketing,"Currently, Zimmer distributes both traditional bone and specialty allografts, and bone paste for use in spinal surgery."
train,bone paste,Product,Zimmer,Company,SaleOrMarketing,"Currently, Zimmer distributes both traditional bone and specialty allografts, and bone paste for use in spinal surgery."
train,smartphone messaging solutions,Product,Wallace Wireless,Company,Unspecified,"The acquisition of Wallace Wireless provided us with smartphone messaging solutions enabling the secure delivery of text messages, alerts and other information directly to and from smartphones, complementing our Voice Communication solution."
train,secured lending and leasing products,Product,Transportation Finance,Company,SaleOrMarketing,"Transportation Finance offers secured lending and leasing products to midsize and larger companies across the aerospace, rail and defense industries."
train,antennas,Product,KVH,Company,SaleOrMarketing,"If KVH were to stop supplying us with its antennas for any reason, we would have to incur significant costs to procure an alternate supplier."
train,ancillary products,Product,Symmetry Surgical,Company,SaleOrMarketing,"We offer ancillary products through Symmetry Surgical, including sterilization containers, disposable instrumentation, fiber optic light sources and non - toxic enzymatic detergent, all of which are complementary to our call points and enable us to comprehensively meet customer needs."
train,sterilization containers,Product,Symmetry Surgical,Company,SaleOrMarketing,"We offer ancillary products through Symmetry Surgical, including sterilization containers, disposable instrumentation, fiber optic light sources and non - toxic enzymatic detergent, all of which are complementary to our call points and enable us to comprehensively meet customer needs."
train,disposable instrumentation,Product,Symmetry Surgical,Company,SaleOrMarketing,"We offer ancillary products through Symmetry Surgical, including sterilization containers, disposable instrumentation, fiber optic light sources and non - toxic enzymatic detergent, all of which are complementary to our call points and enable us to comprehensively meet customer needs."
train,fiber optic light sources,Product,Symmetry Surgical,Company,SaleOrMarketing,"We offer ancillary products through Symmetry Surgical, including sterilization containers, disposable instrumentation, fiber optic light sources and non - toxic enzymatic detergent, all of which are complementary to our call points and enable us to comprehensively meet customer needs."
train,non - toxic enzymatic detergent,Product,Symmetry Surgical,Company,SaleOrMarketing,"We offer ancillary products through Symmetry Surgical, including sterilization containers, disposable instrumentation, fiber optic light sources and non - toxic enzymatic detergent, all of which are complementary to our call points and enable us to comprehensively meet customer needs."
train,scientific and regulatory consulting,Product,"Spherix Consulting , Inc.",Company,Unspecified,"The Company recently acquired Spherix Consulting, Inc., which provides scientific and regulatory consulting to the clients in the food, supplement and pharmaceutical industries to manage potential health and regulatory risks."
train,Amlexanox,Product,MEDA AB,Company,Unspecified,"On November 17, 2008, we entered into a licensing agreement for Amlexanox - related product rights to the United Kingdom and Ireland territories with MEDA AB."
train,generic version of DORYX 150,Product,Mylan,Company,Unspecified,"The Federal Circuit vacated the PI on December 12, 2011 due to the District Court s failure to hold an evidentiary hearing, and suggested that the District Court consolidate such an evidentiary hearing with the trial and consider entry of a temporary restraining order (TRO) prohibiting Mylan from launching a generic version of DORYX 150 until the District Court rendered its decision on the merits."
train,Smart Wi - Fi solutions,Product,Ruckus,Company,SaleOrMarketing,"Ruckus s Smart Wi - Fi solutions offer carrier - class enhanced reliability, consistent performance, extended range and massive scalability."
train,capital raising and advisory services,Product,FBRCM,Company,Unspecified,"In addition, FBRCM provides capital raising and advisory services."
train,XIAPEX,Product,Pfizer,Company,SaleOrMarketing,We have partnered with Pfizer for development and commercialization of XIAPEX for Dupuytren's and Peyronie's disease in Europe and certain Eurasian countries.
train,anti - PCSK9 antibody,Product,Regeneron,Company,Unspecified,"In 2011, Regeneron and Sanofi announced positive results from Phase 2 clinical trials of its anti - PCSK9 antibody in patients with HeFH and primary hypercholesterolemia."
train,anti - PCSK9 antibody,Product,Sanofi,Company,Unspecified,"In 2011, Regeneron and Sanofi announced positive results from Phase 2 clinical trials of its anti - PCSK9 antibody in patients with HeFH and primary hypercholesterolemia."
train,postretirement medical benefits,Product,Texas Gas,Company,Unspecified,"Texas Gas provides postretirement medical benefits and life insurance to retired employees who were employed full time, hired prior to January 1, 1996, and have met certain other requirements."
train,life insurance,Product,Texas Gas,Company,Unspecified,"Texas Gas provides postretirement medical benefits and life insurance to retired employees who were employed full time, hired prior to January 1, 1996, and have met certain other requirements."
train,Erivedge,Product,Genentech,Company,Unspecified,"In addition, Genentech is testing Erivedge in clinical trials to treat less severe forms of BCC."
train,generic version of DORYX 150,Product,Mylan,Company,Unspecified,"In advance of that stay s expiration, the Company and Mayne filed a motion in the District Court for a preliminary injunction (PI) to prevent an at - risk launch by Mylan of its generic version of DORYX 150."
train,generic Zegerid OTC product,Product,Par,Company,Unspecified,"Although the 30 - month stay expired in February 2013, the parties have agreed that Par will not launch its generic Zegerid OTC product unless there is a District Court judgment favorable to Par or in certain other specified circumstances."
train,Symbiq TM infusion pumps,Product,Hospira,Company,Unspecified,"Device Product Related Matters Symbiq TM Infusion Pumps In April 2010, Hospira placed a voluntary hold on all shipments of Symbiq TM infusion pumps to new customers pending FDA regulatory clearance of a 510(k) application for software updates."
train,residential voice service,Product,TWC,Company,Unspecified,"TWC s residential voice service competes with wireline, wireless and over - the - top phone providers."
train,opioids,Product,Mallinckrodt,Company,SaleOrMarketing,Mallinckrodt markets other opioids which may compete with Exalgo.
train,"Advanced Circuits Compass AC Holdings , Inc. ( Advanced Circuits or ACI )",Company,"prototype , quick - turn and production rigid printed circuit boards , or PCBs",Product,Development,"The following is a brief summary of the businesses in which we own a controlling interest at December 31, 2012: Advanced Circuits Compass AC Holdings, Inc. (Advanced Circuits or ACI), headquartered in Aurora, Colorado, is a provider of prototype, quick - turn and production rigid printed circuit boards, or PCBs, throughout the United States."
train,SUV Macan,Product,Porsche India,Company,SaleOrMarketing,"Driven by SUV Macan, Porsche India sales grow 62% at 474 units in 2021."
dev,"Lyne Laboratories , Inc. ( Lyne )",Company,Ravicti drug product,Product,Development,"We have finished Ravicti drug product manufactured by Lyne Laboratories, Inc. (Lyne) on a purchase order basis in accordance with a clinical supply agreement."
dev,IOM services,Product,"Impulse Monitoring , Inc. ( Impulse Monitoring )",Company,Unspecified,"Our subsidiary, Impulse Monitoring, Inc. (Impulse Monitoring) provides IOM services for insight into the nervous system during spine and other surgeries."
dev,suspension products,Product,Fox,Company,Unspecified,Fox provides suspension products in each of these categories.
dev,Decorative ceiling fans,Product,Weihe,Company,Unspecified,Decorative ceiling fans and lighting fixtures became our feature products upon our acquisition of Weihe in late 2008.
dev,lighting fixtures,Product,Weihe,Company,Unspecified,Decorative ceiling fans and lighting fixtures became our feature products upon our acquisition of Weihe in late 2008.
dev,Docprime Technologies,Company,Docprime health locker,Product,Development,"Docprime Technologies, a wholly owned subsidiary of PB Fintech (parent company of Policybazaar and Paisabazaar), launched Docprime health locker integrated with Ayushman Bharat Digital Mission (ABDM)."
dev,Docprime Technologies,Company,Ayushman Bharat Digital Mission ( ABDM ),Product,Development,"Docprime Technologies, a wholly owned subsidiary of PB Fintech (parent company of Policybazaar and Paisabazaar), launched Docprime health locker integrated with Ayushman Bharat Digital Mission (ABDM)."
dev,Quality Management Software,Product,inContact,Company,Unspecified,inContact Quality Monitoring: inContact s Quality Management Software provides insights into agent performance and customer satisfaction.
dev,"hosting , operations and maintenance",Product,HNS,Company,Unspecified,"Prior to our acquisition of substantially all the assets of TerreStar and EchoStar s acquisition of Hughes, TerreStar and HNS entered into various agreements pursuant to which HNS provides, among other things, hosting, operations and maintenance F-70 Table of Contents DISH NETWORK CORPORATION NOTES TO CONSOLIDATED FINANCIAL STATEMENTS - Continued services for TerreStar s satellite gateway and associated ground infrastructure."
dev,IBM,Company,wafers,Product,Development,There can be no assurance that IBM will be able to produce wafers of acceptable quality and with acceptable manufacturing yield and deliver those wafers to us and our independent assembly and testing subcontractors on a timely basis.
dev,IBM,Company,wafers,Product,Development,There can be no assurance that IBM will be able to produce wafers of acceptable quality and with acceptable manufacturing yield and deliver those wafers to us and our independent assembly and testing subcontractors on a timely basis.
dev,Global E C Group,Company,project management,Product,Development,"Project Management and Project Control Our Global E C Group offers a wide range of project management and project control services for overseeing engineering, procurement and construction activities."
dev,Global E C Group,Company,project control services,Product,Development,"Project Management and Project Control Our Global E C Group offers a wide range of project management and project control services for overseeing engineering, procurement and construction activities."
dev,ultra high - speed internet services,Product,UPC Austria,Company,Unspecified,UPC Austria uses its ultra high - speed internet services and competitively priced bundles to encourage customers from other providers to switch to UPC Austria s services.
dev,Apple,Company,iPhone,Product,Development,"Apple Resolves iPhone Production Bottlenecks, Analyst Says"
dev,precious and non - precious metals,Product,Academy,Company,Unspecified,"Academy provides precious and non - precious metals and refining services for a variety of applications, including architectural glass, solar energy, medical and electronics."
dev,refining services,Product,Academy,Company,Unspecified,"Academy provides precious and non - precious metals and refining services for a variety of applications, including architectural glass, solar energy, medical and electronics."
dev,"Analog Devices , Inc.",Company,low - cost thermal accelerometers,Product,Development,"Licensing Agreement and Marketing Agreements In connection with its initial capitalization, the Company was assigned a technology license related to the design, manufacture and sale of low - cost thermal accelerometers from Analog Devices, Inc."
dev,administrative and technical services,Product,Aspen U.S. Services,Company,Unspecified,"Aspen U.S. Services is a Delaware corporation that provides administrative and technical services to the above U.S. entities, primarily from our Rocky Hill, Connecticut office."
dev,professional liability insurance program,Product,EmCare,Company,Unspecified,"EmCare's professional liability insurance program, under which insurance is provided for most of our affiliated medical professionals and professional and corporate entities, is reinsured through our wholly owned subsidiary, EMCA."
dev,Amphenol,Company,electronic and fiber optic equipment,Product,Development,"Amphenol, a manufacturer of electronic and fiber optic equipment, is acquiring sensor manufacturer MTS Systems for $ 1.7 billion including debt."
dev,MTS Systems,Company,sensor,Product,Development,"Amphenol, a manufacturer of electronic and fiber optic equipment, is acquiring sensor manufacturer MTS Systems for $ 1.7 billion including debt."
dev,vaccine,Product,Pfizer,Company,Unspecified,"Pfizer CEO Albert Bourla on Monday said two doses of the company's vaccine may not provide strong protection against infection from the omicron Covid variant, and the original shots have also lost some of their efficacy at preventing hospitalization."
dev,NVIDIA,Company,Tegra 4 processor,Product,Development,"Project SHIELD features our Tegra 4 processor, contains proprietary NVIDIA - developed software and system technologies and leverages our deep partnerships with game developers all over the world."
dev,Chevrolet Volt,Product,General Motors,Company,Unspecified,"For example, in December 2010, General Motors introduced the Chevrolet Volt, which is a plug - in hybrid vehicle that operates purely on electric power for a limited number of miles, at which time an internal combustion engine engages to recharge the battery pack."
dev,plug - in hybrid vehicle,Product,General Motors,Company,Unspecified,"For example, in December 2010, General Motors introduced the Chevrolet Volt, which is a plug - in hybrid vehicle that operates purely on electric power for a limited number of miles, at which time an internal combustion engine engages to recharge the battery pack."
dev,Wireless products,Product,Cisco,Company,SaleOrMarketing,"Sales of Wireless products increased by 26%, or $ 293 million, which was primarily due to continued customer adoption of and migration to the Cisco Unified Wireless Network architecture."
dev,GlobalVision SM,Product,Trayport,Company,Unspecified,"We employ a technology development philosophy that emphasizes state - of - the - art technology with cost efficiency in both our electronic brokerage platforms, such as CreditMatch, GFI ForexMatch EnergyMatch and GlobalVision SM (a product of Trayport), and our data and analytics products."
dev,Fantasy,Company,gaming apps,Product,Development,Fantasy gaming apps gained popularity in India during the pandemic. Many new companies entered the market to cash in on cricket's popularity and have launched virtual leagues and contests in other sports such as soccer.
dev,Naglazyme,Product,SA Pathology,Company,SaleOrMarketing,"Naglazyme gross margins for the year ended December 31, 2011 were consistent with expectations and were expected to improve slightly in 2012 as a result of our purchase of the Naglazyme intellectual property from SA Pathology in November 2011."
dev,anti-cancer treatment medication Pomalidomide,Product,Celgene Corporation,Company,Unspecified,"The Hyderabad-based drug firm along with Celgene Corporation, Bristol Myers Squibb, Breckenridge Pharmaceutical Inc and others have been named defendants by Louisiana Health Service & Indemnity Company, D/B/A Blue Cross and Blue Shield of Losisiana and HMO Louisiana Inc, regarding anti-cancer treatment medication Pomalidomide."
dev,anti-cancer treatment medication Pomalidomide,Product,Bristol Myers Squibb,Company,Unspecified,"The Hyderabad-based drug firm along with Celgene Corporation, Bristol Myers Squibb, Breckenridge Pharmaceutical Inc and others have been named defendants by Louisiana Health Service & Indemnity Company, D/B/A Blue Cross and Blue Shield of Losisiana and HMO Louisiana Inc, regarding anti-cancer treatment medication Pomalidomide."
dev,anti-cancer treatment medication Pomalidomide,Product,Breckenridge Pharmaceutical Inc,Company,Unspecified,"The Hyderabad-based drug firm along with Celgene Corporation, Bristol Myers Squibb, Breckenridge Pharmaceutical Inc and others have been named defendants by Louisiana Health Service & Indemnity Company, D/B/A Blue Cross and Blue Shield of Losisiana and HMO Louisiana Inc, regarding anti-cancer treatment medication Pomalidomide."
dev,anti-cancer treatment medication Pomalidomide,Product,Louisiana Health Service & Indemnity Company,Company,Unspecified,"The Hyderabad-based drug firm along with Celgene Corporation, Bristol Myers Squibb, Breckenridge Pharmaceutical Inc and others have been named defendants by Louisiana Health Service & Indemnity Company, D/B/A Blue Cross and Blue Shield of Losisiana and HMO Louisiana Inc, regarding anti-cancer treatment medication Pomalidomide."
dev,industrial health and safety services,Product,HSE,Company,SaleOrMarketing,DXP acquired HSE to expand our industrial health and safety services offering.
dev,ferrous materials,Product,Heidtman,Company,SaleOrMarketing,The company sells flat rolled products and occasionally purchases ferrous materials from Heidtman.
dev,GE,Company,general purpose and special purpose computers,Product,Development,"GE had a line of general purpose and special purpose computers, including the GE 200, GE 400, and GE 600 series general purpose computers, the GE 4010, GE 4020, and GE 4060 real - time process control computers, and the DATANET-30 and Datanet 355 message switching computers."
dev,GE,Company,GE 200,Product,Development,"GE had a line of general purpose and special purpose computers, including the GE 200, GE 400, and GE 600 series general purpose computers, the GE 4010, GE 4020, and GE 4060 real - time process control computers, and the DATANET-30 and Datanet 355 message switching computers."
dev,GE,Company,GE 400,Product,Development,"GE had a line of general purpose and special purpose computers, including the GE 200, GE 400, and GE 600 series general purpose computers, the GE 4010, GE 4020, and GE 4060 real - time process control computers, and the DATANET-30 and Datanet 355 message switching computers."
dev,GE,Company,GE 600 series general purpose computers,Product,Development,"GE had a line of general purpose and special purpose computers, including the GE 200, GE 400, and GE 600 series general purpose computers, the GE 4010, GE 4020, and GE 4060 real - time process control computers, and the DATANET-30 and Datanet 355 message switching computers."
dev,GE,Company,GE 4010,Product,Development,"GE had a line of general purpose and special purpose computers, including the GE 200, GE 400, and GE 600 series general purpose computers, the GE 4010, GE 4020, and GE 4060 real - time process control computers, and the DATANET-30 and Datanet 355 message switching computers."
dev,GE,Company,GE 4020,Product,Development,"GE had a line of general purpose and special purpose computers, including the GE 200, GE 400, and GE 600 series general purpose computers, the GE 4010, GE 4020, and GE 4060 real - time process control computers, and the DATANET-30 and Datanet 355 message switching computers."
dev,GE,Company,GE 4060 real - time process control computers,Product,Development,"GE had a line of general purpose and special purpose computers, including the GE 200, GE 400, and GE 600 series general purpose computers, the GE 4010, GE 4020, and GE 4060 real - time process control computers, and the DATANET-30 and Datanet 355 message switching computers."
dev,GE,Company,DATANET-30,Product,Development,"GE had a line of general purpose and special purpose computers, including the GE 200, GE 400, and GE 600 series general purpose computers, the GE 4010, GE 4020, and GE 4060 real - time process control computers, and the DATANET-30 and Datanet 355 message switching computers."
dev,GE,Company,Datanet 355 message switching computers,Product,Development,"GE had a line of general purpose and special purpose computers, including the GE 200, GE 400, and GE 600 series general purpose computers, the GE 4010, GE 4020, and GE 4060 real - time process control computers, and the DATANET-30 and Datanet 355 message switching computers."
dev,UniPixel,Company,high - performance flexible electronic film products,Product,Development,UniPixel manufactures high - performance flexible electronic film products.
dev,data,Product,Business Services TWC,Company,SaleOrMarketing,"Business Services TWC offers data, video and voice services, managed and outsourced IT solutions and cloud services to businesses."
dev,video and voice services,Product,Business Services TWC,Company,SaleOrMarketing,"Business Services TWC offers data, video and voice services, managed and outsourced IT solutions and cloud services to businesses."
dev,managed and outsourced IT solutions,Product,Business Services TWC,Company,SaleOrMarketing,"Business Services TWC offers data, video and voice services, managed and outsourced IT solutions and cloud services to businesses."
dev,cloud services,Product,Business Services TWC,Company,SaleOrMarketing,"Business Services TWC offers data, video and voice services, managed and outsourced IT solutions and cloud services to businesses."
dev,CTS,Company,battlefield effects simulator devices,Product,Development,CTS manufactures battlefield effects simulator devices and provides tactical training to the military utilizing such products.
dev,CTS,Company,tactical training,Product,Development,CTS manufactures battlefield effects simulator devices and provides tactical training to the military utilizing such products.
dev,corporate middle market lending transactions,Product,Charlesfort,Company,SaleOrMarketing,"In 2010, we also established Charlesfort, which engages in corporate middle market lending transactions."
dev,Arnold,Company,engineered magnets,Product,Development,"Arnold is the largest and, we believe, most technically advanced U.S. manufacturer of engineered magnets."
dev,x - ray and lab services,Product,Immediate Clinic ( IC ),Company,SaleOrMarketing,"Immediate Clinic (IC) will offer daily access to healthcare for minor injuries and illnesses, including x - ray and lab services, all from convenient neighborhood locations with no appointments."
dev,HKEC,Company,power assemblies for large diesel engines,Product,Development,"Principal Products, Services, Markets and Distribution HKEC manufactures and remanufactures power assemblies for large diesel engines used in the rail, marine, and power industries."
dev,Merck,Company,vintafolide,Product,Development,"Under the collaboration agreement with Merck, Merck has assumed responsibility to manufacture vintafolide as part 48 TABLE OF CONTENTS of its development and commercialization activities."
dev,Aldus Corporation,Company,PageMaker software,Product,Development,"Adobe's first acquisition was Emerald City Software in March 1990. In August 1994, the company acquired Aldus Corporation, a Seattle - based software company credited with creating the desktop publishing industry with its PageMaker software."
dev,Suntech,Company,panels,Product,Development,Both Suntech and Lightway manufacture panels for us that are built to our unique specifications.
dev,Lightway,Company,panels,Product,Development,Both Suntech and Lightway manufacture panels for us that are built to our unique specifications.
dev,GSK,Company,Horizant,Product,Development,"GSK commercially launched Horizant in the United States in 2011 and remains responsible for the commercialization of Horizant through the transition period ending April 30, 2013."
dev,HP,Company,personal computers ( PCs ),Product,Development,"HP develops personal computers (PCs), printers and related supplies, as well as 3D Printing solutions."
dev,HP,Company,printers and related supplies,Product,Development,"HP develops personal computers (PCs), printers and related supplies, as well as 3D Printing solutions."
dev,HP,Company,3D Printing solutions,Product,Development,"HP develops personal computers (PCs), printers and related supplies, as well as 3D Printing solutions."
dev,iPhones,Product,Apple,Company,SaleOrMarketing,"In the year 2021, Apple sold a record 5.4 million iPhones in India."
dev,aircraft,Product,United,Company,Unspecified,United s capital expenditures in 2012 related to upgrades to existing aircraft in addition to asset improvements to facilities and other ground equipment.
dev,LifeScan,Company,blood glucose product,Product,Development,"1) research and development to assist LifeScan in receiving regulatory clearance to sell the blood glucose product (milestone payment), 2) contract manufacturing of the blood glucose test strips (contract manufacturing) and 3) ongoing services and efforts to enhance the product (product enhancement)."
dev,Isis,Company,RNA products,Product,Development,"In addition, the Company granted Isis non - exclusive rights to research, develop and commercialize single - stranded RNA products."
dev,Promontory,Company,CDARS Reciprocal,Product,Development,"Promontory also provides a product, CDARS Reciprocal, that allows the Bank s customers to place funds in excess of the FDIC insurance limit with Promontory s network of participating Banks so that the customer is fully insured for the amount deposited."
dev,operation and maintenance ( O&M ),Product,"Electrowatt - Ekono Philippines , Inc.",Company,Unspecified,"Meanwhile, Electrowatt - Ekono Philippines, Inc. was also awarded a three - year operation and maintenance (O&M) contract by FR Cement Corporation."
dev,Kynamro,Product,Genzyme,Company,SaleOrMarketing,"As a treatment for HoFH, JUXTAPID competes in the U.S. with Kynamro, which is being commercialized by Genzyme, now part of Sanofi under a collaboration with Isis."
dev,electric iMiEV,Product,Mitsubishi,Company,SaleOrMarketing,"In Japan, Mitsubishi has been selling its electric iMiEV since April 2010."
test,gas transportation,Product,FERC,Company,Unspecified,FERC endeavors to make gas transportation more accessible to gas buyers and sellers on an open - access and non - discriminatory basis.
test,specialty welding services,Product,WMI,Company,Unspecified,WMI has provided specialty welding services and metal fabrications to the defense and commercial aerospace industry since 1979.
test,metal fabrications,Product,WMI,Company,Unspecified,WMI has provided specialty welding services and metal fabrications to the defense and commercial aerospace industry since 1979.
test,mail service drug fulfillment,Product,Prescription Solutions,Company,Unspecified,"Prescription Solutions earnings from operations increased primarily due to the Fiserv Health acquisition, gains in mail service drug fulfillment, and a continuing favorable mix shift to generic pharmaceuticals."
test,LDP software,Product,Aware,Company,Unspecified,"Service providers use Aware s centralized LDP software to reduce DSL operational costs, extend service reach and improve the quality of their premium triple - play services."
test,high pressure fiberglass tubulars,Product,Fiber Glass Systems,Company,SaleOrMarketing,"In 1997, the Company acquired Fiber Glass Systems, a leading provider of high pressure fiberglass tubulars used in oilfield applications, to further serve the tubular corrosion prevention needs of its customers."
test,office services,Product,Top Alpha,Company,SaleOrMarketing,"Following the closing of the transaction and until six months thereafter, Top Alpha supplied office services, management, consulting and investment banking services to the Company at no cost."
test,management,Product,Top Alpha,Company,SaleOrMarketing,"Following the closing of the transaction and until six months thereafter, Top Alpha supplied office services, management, consulting and investment banking services to the Company at no cost."
test,consulting,Product,Top Alpha,Company,SaleOrMarketing,"Following the closing of the transaction and until six months thereafter, Top Alpha supplied office services, management, consulting and investment banking services to the Company at no cost."
test,investment banking services,Product,Top Alpha,Company,SaleOrMarketing,"Following the closing of the transaction and until six months thereafter, Top Alpha supplied office services, management, consulting and investment banking services to the Company at no cost."
test,Texas Instrument,Company,DLP Discovery 4000 kits,Product,Development,"On February 12, 2009, version 2.0 of Pixel Precision was released to expand its capabilities and provide new compatibility with Texas Instrument's newly released DLP Discovery 4000 kits."
test,global human capital management and payment solutions,Product,"Ceridian Corporation ( "" Ceridian "" )",Company,SaleOrMarketing,"FNF also owns a minority interest in Ceridian Corporation ("" Ceridian ""), a leading provider of global human capital management and payment solutions."
test,materials,Product,ATMI,Company,SaleOrMarketing,"There are numerous domestic and foreign companies that offer products that compete with ATMI s materials, materials packaging and materials delivery systems."
test,materials packaging,Product,ATMI,Company,SaleOrMarketing,"There are numerous domestic and foreign companies that offer products that compete with ATMI s materials, materials packaging and materials delivery systems."
test,materials delivery systems,Product,ATMI,Company,SaleOrMarketing,"There are numerous domestic and foreign companies that offer products that compete with ATMI s materials, materials packaging and materials delivery systems."
test,Zendex,Company,online platform for the sale of art,Product,Development,Zendex was incorporated in the state of Utah in March 2011 to create an online platform for the sale of art.
test,Famy Care,Company,LOESTRIN 24 FE product,Product,Development,"In addition, the 30 - month stay of FDA approval of Famy Care s ANDA relating to our LOESTRIN 24 FE product expires in October 2013, and we can offer no assurance that a generic version of such product will not be launched at - risk if the FDA approves Famy Care s ANDA thereafter."
test,management services,Product,NHC,Company,Unspecified,"At December 31, 2012, NHC provides management services to seven skilled nursing centers for SeniorTrust and the SeniorTrust subsidiaries."
test,American Furniture,Company,upholstered furniture,Product,Development,Today American Furniture is a leading manufacturer of promotional upholstered furniture operating from an approximately 1.1 million sq.
test,home healthcare services,Product,"Gentiva Health Services , Inc.",Company,SaleOrMarketing,"Mr. Levine is the former Lead Director of Gentiva Health Services, Inc., a provider of home healthcare services, where he served from 2000 to 2009."
test,Adderall,Product,Shire,Company,Unspecified,Takeda is closing in on buying Adderall maker Shire for $64 billion in pharma's biggest deal of the year
test,drug,Product,Zacks,Company,Unspecified,"New drug approvals and pipeline progress are likely to help maintain momentum for the Zacks Biomedical and Genetics industry. A strong portfolio and a solid pipeline progress position PCVX, PTGX, LGND, MESO and PBYI well amid volatility."
test,PCVX,Product,Zacks,Company,Unspecified,"New drug approvals and pipeline progress are likely to help maintain momentum for the Zacks Biomedical and Genetics industry. A strong portfolio and a solid pipeline progress position PCVX, PTGX, LGND, MESO and PBYI well amid volatility."
test,PTGX,Product,Zacks,Company,Unspecified,"New drug approvals and pipeline progress are likely to help maintain momentum for the Zacks Biomedical and Genetics industry. A strong portfolio and a solid pipeline progress position PCVX, PTGX, LGND, MESO and PBYI well amid volatility."
test,LGND,Product,Zacks,Company,Unspecified,"New drug approvals and pipeline progress are likely to help maintain momentum for the Zacks Biomedical and Genetics industry. A strong portfolio and a solid pipeline progress position PCVX, PTGX, LGND, MESO and PBYI well amid volatility."
test,MESO,Product,Zacks,Company,Unspecified,"New drug approvals and pipeline progress are likely to help maintain momentum for the Zacks Biomedical and Genetics industry. A strong portfolio and a solid pipeline progress position PCVX, PTGX, LGND, MESO and PBYI well amid volatility."
test,PBYI,Product,Zacks,Company,Unspecified,"New drug approvals and pipeline progress are likely to help maintain momentum for the Zacks Biomedical and Genetics industry. A strong portfolio and a solid pipeline progress position PCVX, PTGX, LGND, MESO and PBYI well amid volatility."
test,automation,Product,CSI,Company,SaleOrMarketing,"Finally, we acquired CSI, a provider of automation, control and information technology to the oil and gas industry."
test,control,Product,CSI,Company,SaleOrMarketing,"Finally, we acquired CSI, a provider of automation, control and information technology to the oil and gas industry."
test,information technology,Product,CSI,Company,SaleOrMarketing,"Finally, we acquired CSI, a provider of automation, control and information technology to the oil and gas industry."
test,workforce decision support solutions,Product,HumanConcepts,Company,SaleOrMarketing,"In January 2011, we acquired certain assets from HumanConcepts, a provider of workforce decision support solutions."
test,humanized monoclonal antibody compound,Product,Arresto,Company,Unspecified,"In December 2010, Gilead acquired Arresto Biosciences (Arresto) thereby gaining access to Arresto s Phase 1 humanized monoclonal antibody compound, AB0024, currently in clinical development for the treatment of IPF."
test,AB0024,Product,Arresto,Company,Unspecified,"In December 2010, Gilead acquired Arresto Biosciences (Arresto) thereby gaining access to Arresto s Phase 1 humanized monoclonal antibody compound, AB0024, currently in clinical development for the treatment of IPF."
test,breast aesthetics and reconstruction,Product,Establishment Labs Holdings Inc. ( NASDAQ: ESTA ),Company,Unspecified,"NEW YORK, August 08, 2023 -- Establishment Labs Holdings Inc. (NASDAQ: ESTA), a global medical technology company dedicated to improving women s health and wellness, principally in breast aesthetics and reconstruction, today announced financial results for the second quarter ended June 30, 2023."
test,Corporate Services,Product,Clear Channel Communications,Company,Unspecified,"Pursuant to the Corporate Services Agreement, we are obligated to use various corporate services provided by Clear Channel Communications and its affiliates, including treasury, payroll and other financial services, certain executive officer services, human resources and employee benefit services, legal services, information systems and network services and procurement and sourcing support."
test,corporate services,Product,Clear Channel Communications,Company,Unspecified,"Pursuant to the Corporate Services Agreement, we are obligated to use various corporate services provided by Clear Channel Communications and its affiliates, including treasury, payroll and other financial services, certain executive officer services, human resources and employee benefit services, legal services, information systems and network services and procurement and sourcing support."
test,treasury,Product,Clear Channel Communications,Company,Unspecified,"Pursuant to the Corporate Services Agreement, we are obligated to use various corporate services provided by Clear Channel Communications and its affiliates, including treasury, payroll and other financial services, certain executive officer services, human resources and employee benefit services, legal services, information systems and network services and procurement and sourcing support."
test,payroll and other financial services,Product,Clear Channel Communications,Company,Unspecified,"Pursuant to the Corporate Services Agreement, we are obligated to use various corporate services provided by Clear Channel Communications and its affiliates, including treasury, payroll and other financial services, certain executive officer services, human resources and employee benefit services, legal services, information systems and network services and procurement and sourcing support."
test,certain executive officer services,Product,Clear Channel Communications,Company,Unspecified,"Pursuant to the Corporate Services Agreement, we are obligated to use various corporate services provided by Clear Channel Communications and its affiliates, including treasury, payroll and other financial services, certain executive officer services, human resources and employee benefit services, legal services, information systems and network services and procurement and sourcing support."
test,human resources and employee benefit services,Product,Clear Channel Communications,Company,Unspecified,"Pursuant to the Corporate Services Agreement, we are obligated to use various corporate services provided by Clear Channel Communications and its affiliates, including treasury, payroll and other financial services, certain executive officer services, human resources and employee benefit services, legal services, information systems and network services and procurement and sourcing support."
test,legal services,Product,Clear Channel Communications,Company,Unspecified,"Pursuant to the Corporate Services Agreement, we are obligated to use various corporate services provided by Clear Channel Communications and its affiliates, including treasury, payroll and other financial services, certain executive officer services, human resources and employee benefit services, legal services, information systems and network services and procurement and sourcing support."
test,information systems and network services,Product,Clear Channel Communications,Company,Unspecified,"Pursuant to the Corporate Services Agreement, we are obligated to use various corporate services provided by Clear Channel Communications and its affiliates, including treasury, payroll and other financial services, certain executive officer services, human resources and employee benefit services, legal services, information systems and network services and procurement and sourcing support."
test,procurement and sourcing support,Product,Clear Channel Communications,Company,Unspecified,"Pursuant to the Corporate Services Agreement, we are obligated to use various corporate services provided by Clear Channel Communications and its affiliates, including treasury, payroll and other financial services, certain executive officer services, human resources and employee benefit services, legal services, information systems and network services and procurement and sourcing support."
test,Hospira Worldwide,Company,POSIDUR,Product,Development,"We have contracted with Hospira Worldwide and Corium International to manufacture clinical and commercial supplies of POSIDUR and ELADUR, respectively."
test,Corium International,Company,POSIDUR,Product,Development,"We have contracted with Hospira Worldwide and Corium International to manufacture clinical and commercial supplies of POSIDUR and ELADUR, respectively."
test,Hospira Worldwide,Company,ELADUR,Product,Development,"We have contracted with Hospira Worldwide and Corium International to manufacture clinical and commercial supplies of POSIDUR and ELADUR, respectively."
test,Corium International,Company,ELADUR,Product,Development,"We have contracted with Hospira Worldwide and Corium International to manufacture clinical and commercial supplies of POSIDUR and ELADUR, respectively."
test,management and automation solutions,Product,Quest,Company,SaleOrMarketing,"In 2012, Dell acquired Wyse Technologies to bolster its ability to serve the cloud client market and Quest to enhance its management and automation solutions."
test,digital services,Product,TheStreet,Company,SaleOrMarketing,"With a robust suite of digital services, TheStreet offers the tools and insight needed to make informed decisions about earning, investing, saving and spending money."
test,mobile products,Product,"Facebook , Inc.",Company,Unspecified,"In May 2010, Mr. Tseng joined Facebook, Inc. as Head of Mobile Products, where he has product management responsibility for mobile products."
test,business and technology services,Product,Sapient Global Markets,Company,SaleOrMarketing,"Sapient Global Markets provides business and technology services to capital and commodity market participants, intermediaries and regulators."
test,clinical content to healthcare providers,Product,"Epocrates , Inc. ( Epocrates )",Company,SaleOrMarketing,"On January 7, 2013, we entered into a definitive agreement to acquire Epocrates, Inc. (Epocrates), a leading provider of clinical content to healthcare providers via a mobile device at the point of care."
test,travel services,Product,priceline.com brand,Company,SaleOrMarketing,"Our priceline.com brand offers these travel services through a price - disclosed "" retail "" manner, through our proprietary demand - collection system known as Name Your Own Price and through our semi - opaque service known as Express Deals."
test,Express Deals,Product,priceline.com brand,Company,SaleOrMarketing,"Our priceline.com brand offers these travel services through a price - disclosed "" retail "" manner, through our proprietary demand - collection system known as Name Your Own Price and through our semi - opaque service known as Express Deals."
test,tax services,Product,"MaloneBailey , LLP",Company,Unspecified,"We did not engage MaloneBailey, LLP to provide any tax services for the years ended December 31, 2012 and 2011."
test,terminalling and storage of petroleum products,Product,( NuStar Energy ) ( NYSE : NS ),Company,SaleOrMarketing,"(NuStar Energy) (NYSE: NS) is engaged in the terminalling and storage of petroleum products, the transportation of petroleum products and anhydrous ammonia, and petroleum refining and marketing."
test,transportation of petroleum products and anhydrous ammonia,Product,( NuStar Energy ) ( NYSE : NS ),Company,SaleOrMarketing,"(NuStar Energy) (NYSE: NS) is engaged in the terminalling and storage of petroleum products, the transportation of petroleum products and anhydrous ammonia, and petroleum refining and marketing."
test,petroleum refining and marketing,Product,( NuStar Energy ) ( NYSE : NS ),Company,SaleOrMarketing,"(NuStar Energy) (NYSE: NS) is engaged in the terminalling and storage of petroleum products, the transportation of petroleum products and anhydrous ammonia, and petroleum refining and marketing."
test,general and administrative support services,Product,EPCO,Company,Unspecified,"All of our operating functions and general and administrative support services are provided by employees of EPCO pursuant to an administrative services agreement (the "" ASA "") or by other service providers."
test,vehicles,Product,Ford,Company,SaleOrMarketing,"Ford did sell a small range of vehicles in Japan; as of October 2010, the Ford Mustang, Escape, Explorer, Ford Kuga, Lincoln Navigator, Lincoln MKX, and more recently, the Ford Ecosport were available in Japan. As of February 2016, Ford no longer maintains a regional office in Minato, Tokyo, Japan, and sales of new cars in Japan have ended."
test,Ford Mustang,Product,Ford,Company,SaleOrMarketing,"Ford did sell a small range of vehicles in Japan; as of October 2010, the Ford Mustang, Escape, Explorer, Ford Kuga, Lincoln Navigator, Lincoln MKX, and more recently, the Ford Ecosport were available in Japan. As of February 2016, Ford no longer maintains a regional office in Minato, Tokyo, Japan, and sales of new cars in Japan have ended."
test,Escape,Product,Ford,Company,SaleOrMarketing,"Ford did sell a small range of vehicles in Japan; as of October 2010, the Ford Mustang, Escape, Explorer, Ford Kuga, Lincoln Navigator, Lincoln MKX, and more recently, the Ford Ecosport were available in Japan. As of February 2016, Ford no longer maintains a regional office in Minato, Tokyo, Japan, and sales of new cars in Japan have ended."
test,Explorer,Product,Ford,Company,SaleOrMarketing,"Ford did sell a small range of vehicles in Japan; as of October 2010, the Ford Mustang, Escape, Explorer, Ford Kuga, Lincoln Navigator, Lincoln MKX, and more recently, the Ford Ecosport were available in Japan. As of February 2016, Ford no longer maintains a regional office in Minato, Tokyo, Japan, and sales of new cars in Japan have ended."
test,Ford Kuga,Product,Ford,Company,SaleOrMarketing,"Ford did sell a small range of vehicles in Japan; as of October 2010, the Ford Mustang, Escape, Explorer, Ford Kuga, Lincoln Navigator, Lincoln MKX, and more recently, the Ford Ecosport were available in Japan. As of February 2016, Ford no longer maintains a regional office in Minato, Tokyo, Japan, and sales of new cars in Japan have ended."
test,Lincoln Navigator,Product,Ford,Company,SaleOrMarketing,"Ford did sell a small range of vehicles in Japan; as of October 2010, the Ford Mustang, Escape, Explorer, Ford Kuga, Lincoln Navigator, Lincoln MKX, and more recently, the Ford Ecosport were available in Japan. As of February 2016, Ford no longer maintains a regional office in Minato, Tokyo, Japan, and sales of new cars in Japan have ended."
test,Lincoln MKX,Product,Ford,Company,SaleOrMarketing,"Ford did sell a small range of vehicles in Japan; as of October 2010, the Ford Mustang, Escape, Explorer, Ford Kuga, Lincoln Navigator, Lincoln MKX, and more recently, the Ford Ecosport were available in Japan. As of February 2016, Ford no longer maintains a regional office in Minato, Tokyo, Japan, and sales of new cars in Japan have ended."
test,Ford Ecosport,Product,Ford,Company,SaleOrMarketing,"Ford did sell a small range of vehicles in Japan; as of October 2010, the Ford Mustang, Escape, Explorer, Ford Kuga, Lincoln Navigator, Lincoln MKX, and more recently, the Ford Ecosport were available in Japan. As of February 2016, Ford no longer maintains a regional office in Minato, Tokyo, Japan, and sales of new cars in Japan have ended."
test,cars,Product,Ford,Company,SaleOrMarketing,"Ford did sell a small range of vehicles in Japan; as of October 2010, the Ford Mustang, Escape, Explorer, Ford Kuga, Lincoln Navigator, Lincoln MKX, and more recently, the Ford Ecosport were available in Japan. As of February 2016, Ford no longer maintains a regional office in Minato, Tokyo, Japan, and sales of new cars in Japan have ended."
test,title and settlement services,Product,TRG,Company,SaleOrMarketing,"Such limitation could adversely affect the fees received by TRG, as provider of title and settlement services, in transactions originated by our joint venture, PHH Home Loans."
test,Pfizer,Company,OTC Alavert D-12 Hour,Product,Development,Pfizer launched the 12 - hour product in May 2003 as its OTC Alavert D-12 Hour.
test,consumer loan products,Product,Metro United Bank,Company,SaleOrMarketing,"The Company, through its subsidiary Metro United Bank, also offers consumer loan products."
test,generic version of Glumetza,Product,Lupin,Company,SaleOrMarketing,"Lupin the right to begin selling a generic version of Glumetza in February 2016, or earlier under certain circumstances."
test,electricity,Product,Puget Energy,Company,SaleOrMarketing,"Puget Energy s regulated utility operation generates, purchases and sells electricity and purchases, transports and sells natural gas."
test,natural gas,Product,Puget Energy,Company,SaleOrMarketing,"Puget Energy s regulated utility operation generates, purchases and sells electricity and purchases, transports and sells natural gas."
test,petroleum products,Product,HFC,Company,SaleOrMarketing,This infrastructure addition would ensure safe and reliable transport of petroleum products from HFC's location - advantaged refinery to its largest market.
test,Leukotac,Product,Biotest AG,Company,Unspecified,EUSA Pharma acquired the rights for Leukotac from Biotest AG in 2003.
test,"anti - cancer compound , RX-3117",Product,Teva,Company,SaleOrMarketing,"In 2009, we closed on the RELO Agreement, and the related purchase agreement, with Teva providing for the development of our novel anti - cancer compound, RX-3117."
test,full - service banking,Product,First National,Company,Unspecified,First National provides full - service banking to businesses and residents within the Ames community and surrounding area.
test,Link U.K.,Company,flight simulation systems,Product,Development,Link U.K. is a leading manufacturer of flight simulation systems for the commercial aviation market.
test,display,Product,HKC Corp,Company,Unspecified,"Before joining Vedanta, Chen was with Chinese display maker HKC Corp, where he was Executive Vice President."
